Longcode	State	District	Stateabbrev	Rep	PVI	Simplecook	Cookrating	Party	Code	Score	urban	rural	ag	manufacturing	rich	poverty	white	nonwhite	black	hispanic	nonhispanicwhite	old
Dem Median	Dem Median	Dem Median	Dem Median	Dem Median	Dem Median	Dem Median	Dem Median	Dem Median	Dem Median	0	72.5	27.5	1.7	11	18.05	10.4	84.1	15.9	6.2	6.9	75.85	26.9
Rep Median	Rep Median	Rep Median	Rep Median	Rep Median	Rep Median	Rep Median	Rep Median	Rep Median	Rep Median	0	97.7	2.3	0.5	8.7	19.9	12.4	68.2	31.8	9.4	15.3	50.7	25
Safe Dem	Safe Dem	Safe Dem	Safe Dem	Safe Dem	Safe Dem	Safe Dem	Safe Dem	Safe Dem	Safe Dem	0	98.55	1.45	0.5	8.65	20.05	12.6	66.35	33.65	10.4	15.55	47.85	24.75
At-risk Dem	At-risk Dem	At-risk Dem	At-risk Dem	At-risk Dem	At-risk Dem	At-risk Dem	At-risk Dem	At-risk Dem	At-risk Dem	0	81.5	18.5	1.6	9.4	19.5	11	81	19	4.5	13.7	69.7	27.7
Safe Rep	Safe Rep	Safe Rep	Safe Rep	Safe Rep	Safe Rep	Safe Rep	Safe Rep	Safe Rep	Safe Rep	0	72	28	1.7	11.1	18.1	10.5	83.9	16.1	6.2	7.2	75.2	26.9
At-risk Rep	At-risk Rep	At-risk Rep	At-risk Rep	At-risk Rep	At-risk Rep	At-risk Rep	At-risk Rep	At-risk Rep	At-risk Rep	0	78.9	21.1	1.5	8.6	16.9	9.6	87	13	5.8	6.3	79.8	27.1
Median	Median	Median	Median	Median	Median	Median	Median	Median	Median	0	86.7	13.3	1.2	9.9	19.1	10.9	77.6	22.4	7	10.4	68.3	26.2
5001300US0101	Alabama	1	AL	Rep. Bradley Byrne	R+15	Safe Rep	Solid Rep	Rep	AL-01	5	66.8	33.2	1.7	11.7	14.1	15.6	67.8	32.2	27.7	2.9	65.6	28.1
5001300US0102	Alabama	2	AL	Rep. Martha Roby	R+17	Safe Rep	Solid Rep	Rep	AL-02	5	54.7	45.3	2.1	12.7	14	15.2	66	34	29.9	3.4	63.4	27.2
5001300US0103	Alabama	3	AL	Rep. Mike Rogers	R+16	Safe Rep	Solid Rep	Rep	AL-03	5	50.2	49.8	1.1	16.3	12.9	16.1	70.3	29.7	26	2.7	68.8	26.7
5001300US0104	Alabama	4	AL	Rep. Robert Aderholt	R+28	Safe Rep	Solid Rep	Rep	AL-04	5	34.6	65.4	2.9	19.1	10.8	14.7	88	12	7.3	5	84.6	29.8
5001300US0105	Alabama	5	AL	Rep. Mo Brooks	R+17	Safe Rep	Solid Rep	Rep	AL-05	5	65.5	34.5	1.2	13.5	20.2	10.4	77	23	17.2	4.9	73.6	26.8
5001300US0106	Alabama	6	AL	OPEN (Bachus)	R+28	Safe Rep	Solid Rep	Rep	AL-06	5	69.2	30.8	1	9.3	23.1	8.2	80.3	19.7	14.1	5	77.8	26.5
5001300US0107	Alabama	7	AL	Rep. Terri Sewell	D+20	Safe Dem	Solid Dem	Dem	AL-07	11	72.2	27.8	2.3	11.4	9.3	23.7	34.3	65.7	63.2	3.1	32.3	25.8
5001300US0200	Alaska	0	AK	Rep. Don Young	R+12	Safe Rep	Solid Rep	Rep	AK-AL	5	66	34	5.5	3.8	30.5	7.5	66.5	33.5	3.6	6	63	21.3
5001300US0401	Arizona	1	AZ	Rep. Ann Kirkpatrick	R+4	At-risk Dem	Tossup Dem	Dem	AZ-01	8	62.1	37.9	5.3	6.5	15.5	14.9	64.6	35.4	2.5	21.3	49.3	26.8
5001300US0402	Arizona	2	AZ	Rep. Ron Barber	R+3	At-risk Dem	Tossup Dem	Dem	AZ-02	8	89.2	10.8	1.6	6.5	17.5	11.4	80.8	19.2	4.9	26.2	63.5	31.6
5001300US0403	Arizona	3	AZ	Rep. RaÂl Grijalva	D+8	Safe Dem	Solid Dem	Dem	AZ-03	11	88.8	11.2	3.1	6.3	10.6	20.4	72.9	27.1	4.8	63.6	26.2	19.1
5001300US0404	Arizona	4	AZ	Rep. Paul Gosar	R+20	Safe Rep	Solid Rep	Rep	AZ-04	5	74.1	25.9	2.6	7.7	12.6	11.7	87.5	12.5	1.7	17.5	76.4	39
5001300US0405	Arizona	5	AZ	Rep. Matt Salmon	R+17	Safe Rep	Solid Rep	Rep	AZ-05	5	99.7	0.3	0.6	10.6	27.5	6.8	86.2	13.8	2.7	18	73	26.7
5001300US0406	Arizona	6	AZ	Rep. David Schweikert	R+12	Safe Rep	Solid Rep	Rep	AZ-06	5	96.9	3.1	0.3	6.1	27.9	8.8	86	14	2.8	14.4	75.2	28.7
5001300US0407	Arizona	7	AZ	Rep. Ed Pastor	D+16	Safe Dem	Solid Dem	Dem	AZ-07	11	99.9	0.1	0.8	8.8	9	32.8	68.8	31.2	9.7	63.8	21.1	14.6
5001300US0408	Arizona	8	AZ	Rep. Trent Franks	R+15	Safe Rep	Solid Rep	Rep	AZ-08	5	97.6	2.4	0.6	6.8	22.1	6.8	85.5	14.5	4.9	19.1	70.5	31.1
5001300US0409	Arizona	9	AZ	Rep. Kyrsten Sinema	R+1	At-risk Dem	Lean Dem	Dem	AZ-09	9	100	0	0.3	8.4	19.5	14.3	76.9	23.1	5.1	27.4	57.1	21
5001300US0501	Arkansas	1	AR	Rep. Rick Crawford	R+14	Safe Rep	Solid Rep	Rep	AR-01	5	45.6	54.4	5.2	14.8	9.7	16.5	78.7	21.3	18	2.9	76.8	29.4
5001300US0502	Arkansas	2	AR	OPEN (Griffin)	R+8	At-risk Rep	Lean Rep	Rep	AR-02	3	70.6	29.4	1.6	7.7	16.6	11.8	73.9	26.1	22.3	5	69.7	25.5
5001300US0503	Arkansas	3	AR	Rep. Steve Womack	R+19	Safe Rep	Solid Rep	Rep	AR-03	5	67.6	32.4	2.2	16.6	14.5	13.7	85.7	14.3	2.8	13.2	77.2	23.9
5001300US0504	Arkansas	4	AR	OPEN (Cotton)	R+15	Safe Rep	Likely Rep	Rep	AR-04	4	40.8	59.2	4.3	17.4	10.1	16.6	74.6	25.4	20	5.5	71.8	30.4
5001300US0601	California	1	CA	Rep. Doug LaMalfa	R+10	Safe Rep	Solid Rep	Rep	CA-01	5	62.6	37.4	4.5	6	16.7	12.1	87.3	12.7	1.4	12.9	78.2	33.2
5001300US0602	California	2	CA	Rep. Jared Huffman	D+20	Safe Dem	Solid Dem	Dem	CA-02	11	77.3	22.7	3.1	6	30	9	80.5	19.5	1.8	16.7	72	32.7
5001300US0603	California	3	CA	Rep. John Garamendi	D+3	Safe Dem	Likely Dem	Dem	CA-03	10	86.8	13.2	4.9	7.4	22.4	11.6	65.9	34.1	5.1	28.4	49.6	23.6
5001300US0604	California	4	CA	Rep. Tom McClintock	R+10	Safe Rep	Solid Rep	Rep	CA-04	5	65.6	34.4	1	6.1	28.1	7.3	85.2	14.8	1.2	12.3	77.5	33.1
5001300US0605	California	5	CA	Rep. Mike Thompson	D+19	Safe Dem	Solid Dem	Dem	CA-05	11	92.2	7.8	3.9	9.5	27.2	9.3	68.2	31.8	6.4	27.5	52.1	28.8
5001300US0606	California	6	CA	Rep. Doris Matsui	D+18	Safe Dem	Solid Dem	Dem	CA-06	11	99.9	0.1	0.9	5.1	17.2	19.6	53.5	46.5	13.2	27.2	38.9	22
5001300US0607	California	7	CA	Rep. Ami Bera	EVEN	At-risk Dem	Tossup Dem	Dem	CA-07	8	97.4	2.6	1	6	27.6	11	64.6	35.4	7.3	16.2	55.2	25.1
5001300US0608	California	8	CA	Rep. Paul Cook	R+10	Safe Rep	Solid Rep	Rep	CA-08	5	85.5	14.5	1.3	6	15.4	19.4	72.1	27.9	10.2	35.7	48.7	23.2
5001300US0609	California	9	CA	Rep. Jerry McNerney	D+6	Safe Dem	Likely Dem	Dem	CA-09	10	92.8	7.2	4.8	8.7	22.9	14.8	55.8	44.2	8.5	38.5	34.8	21.5
5001300US0610	California	10	CA	Rep. Jeff Denham	R+1	Safe Rep	Likely Rep	Rep	CA-10	4	92.4	7.6	4.7	12.5	20.5	13.9	73.8	26.2	3.2	41.2	45.5	22
5001300US0611	California	11	CA	OPEN (Miller)	D+17	Safe Dem	Solid Dem	Dem	CA-11	11	99.4	0.6	1	6.4	35.8	9.2	64.6	35.4	9.4	25.5	48.1	27.2
5001300US0612	California	12	CA	Rep. Nancy Pelosi	D+34	Safe Dem	Solid Dem	Dem	CA-12	11	100	0	0.1	5.6	38.8	9.1	51.8	48.2	5.8	14.6	44.1	25.9
5001300US0613	California	13	CA	Rep. Barbara Lee	D+37	Safe Dem	Solid Dem	Dem	CA-13	11	100	0	0.4	7.2	28	13.8	46.1	53.9	17.9	22.1	34.1	24.2
5001300US0614	California	14	CA	Rep. Jackie Speier	D+23	Safe Dem	Solid Dem	Dem	CA-14	11	99.2	0.8	0.3	6.4	39.2	6.4	49.8	50.2	3.3	24.7	35.3	27.1
5001300US0615	California	15	CA	Rep. Eric Swalwell	D+16	Safe Dem	Solid Dem	Dem	CA-15	11	99.3	0.7	0.3	12.7	44.7	6.4	49.9	50.1	6.9	23	36.2	23.2
5001300US0616	California	16	CA	Rep. Jim Costa	D+7	Safe Dem	Likely Dem	Dem	CA-16	10	90.4	9.6	15.3	9.8	11	27.3	53.8	46.2	6.4	59.1	22.7	18.3
5001300US0617	California	17	CA	Rep. Mike Honda	D+20	Safe Dem	Solid Dem	Dem	CA-17	11	99.7	0.3	0.1	22.5	50.9	6.3	33.7	66.3	3	17.2	25.1	21.3
5001300US0618	California	18	CA	Rep. Anna Eshoo	D+18	Safe Dem	Solid Dem	Dem	CA-18	11	95.6	4.4	0.5	16.1	50.8	4.6	68.2	31.8	1.9	17.5	56.4	26.5
5001300US0619	California	19	CA	Rep. Zoe Lofgren	D+19	Safe Dem	Solid Dem	Dem	CA-19	11	98.3	1.7	0.6	17.5	37.4	10.3	50.3	49.7	2.9	40.8	26.7	21.2
5001300US0620	California	20	CA	Rep. Sam Farr	D+21	Safe Dem	Solid Dem	Dem	CA-20	11	90.1	9.9	14.7	5.7	26.6	12.2	77	23	2.1	51.7	38.3	22.7
5001300US0621	California	21	CA	Rep. David Valadao	D+2	At-risk Rep	Lean Rep	Rep	CA-21	3	85.2	14.8	29.2	7.5	9.9	28.1	66.1	33.9	4.4	72.7	18.3	16.2
5001300US0622	California	22	CA	Rep. Devin Nunes	R+10	Safe Rep	Solid Rep	Rep	CA-22	5	91.7	8.3	8.7	6.5	21.4	19.5	72.1	27.9	3.1	45.1	42.4	20.7
5001300US0623	California	23	CA	Rep. Kevin McCarthy	R+16	Safe Rep	Solid Rep	Rep	CA-23	5	87.1	12.9	10	6.1	21.6	15.1	74.7	25.3	5.6	37.2	49.3	22.6
5001300US0624	California	24	CA	Rep. Lois Capps	D+4	Safe Dem	Likely Dem	Dem	CA-24	10	90.4	9.6	6.2	7.7	27.1	9.2	78	22	2	35.1	55.9	26.7
5001300US0625	California	25	CA	OPEN (McKeon)	R+3	Safe Rep	Likely Rep	Rep	CA-25	4	94.3	5.7	0.7	11.6	32.3	12.6	64.7	35.3	6.8	37.9	43.5	20
5001300US0626	California	26	CA	Rep. Julia Brownley	D+4	At-risk Dem	Lean Dem	Dem	CA-26	9	96.8	3.2	5.4	9.8	32.8	9.1	77.9	22.1	2.1	44.4	44.7	24.8
5001300US0627	California	27	CA	Rep. Judy Chu	D+11	Safe Dem	Solid Dem	Dem	CA-27	11	99.8	0.2	0.3	8.3	32.1	8.3	44.6	55.4	4.5	26.9	29.2	28.6
5001300US0628	California	28	CA	Rep. Adam Schiff	D+20	Safe Dem	Solid Dem	Dem	CA-28	11	99.9	0.1	0.2	6	26.2	11.7	68.1	31.9	2.9	28.1	53.6	25.3
5001300US0629	California	29	CA	Rep. Tony CÂrdenas	D+25	Safe Dem	Solid Dem	Dem	CA-29	11	100	0	0.7	9.8	15.8	20.5	62.3	37.7	4.3	67.7	18.2	19
5001300US0630	California	30	CA	Rep. Brad Sherman	D+14	Safe Dem	Solid Dem	Dem	CA-30	11	99.9	0.1	0.5	7.3	32.2	9.1	67.4	32.6	4.7	28.4	51	25.4
5001300US0631	California	31	CA	OPEN (Miller)	D+5	At-risk Rep	Tossup Rep	Rep	CA-31	2	99.4	0.6	0.5	9.8	21.2	17	60.4	39.6	9.9	52.1	27.4	18.9
5001300US0632	California	32	CA	Rep. Grace Napolitano	D+12	Safe Dem	Solid Dem	Dem	CA-32	11	100	0	0.7	12.5	22.9	12.4	51.4	48.6	2.8	62.3	17.4	22.5
5001300US0633	California	33	CA	OPEN (Waxman)	D+11	Safe Dem	Solid Dem	Dem	CA-33	11	98.1	1.9	0.1	9.7	47.3	4.6	76.4	23.6	2.8	11.7	67.8	28.5
5001300US0634	California	34	CA	Rep. Xavier Becerra	D+30	Safe Dem	Solid Dem	Dem	CA-34	11	100	0	0.4	12	11.2	25.8	34	66	4.2	65.7	10	20.8
5001300US0635	California	35	CA	OPEN (Negrete McLeod)	D+15	Safe Dem	Solid Dem	Dem	CA-35	11	99.7	0.3	0.8	15.1	17.3	14.9	57.1	42.9	6.8	69.8	15.5	17
5001300US0636	California	36	CA	Rep. Raul Ruiz	R+1	At-risk Dem	Tossup Dem	Dem	CA-36	8	91.8	8.2	3.5	5.3	16.9	17.2	64.7	35.3	4.5	46.5	43.1	30.6
5001300US0637	California	37	CA	Rep. Karen Bass	D+34	Safe Dem	Solid Dem	Dem	CA-37	11	100	0	0.2	5.5	22	18.3	39.2	60.8	26	35.2	25.2	22.7
5001300US0638	California	38	CA	Rep. Linda SÂnchez	D+12	Safe Dem	Solid Dem	Dem	CA-38	11	100	0	0.5	13.7	25.6	10.2	56	44	4.5	60.5	17.4	23.4
5001300US0639	California	39	CA	Rep. Ed Royce	R+5	Safe Rep	Solid Rep	Rep	CA-39	5	99.4	0.6	0.4	13.2	35.1	7.3	54.3	45.7	1.8	32.6	32.3	25.6
5001300US0640	California	40	CA	Rep. Lucille Roybal-Allard	D+29	Safe Dem	Solid Dem	Dem	CA-40	11	100	0	0.9	19.2	9.9	26.8	53.8	46.2	4.9	87.1	5.3	15.9
5001300US0641	California	41	CA	Rep. Mark Takano	D+9	Safe Dem	Solid Dem	Dem	CA-41	11	98.7	1.3	1.1	11.5	18.7	17.7	59.5	40.5	9.3	58.3	24.9	17.8
5001300US0642	California	42	CA	Rep. Ken Calvert	R+10	Safe Rep	Solid Rep	Rep	CA-42	5	95.2	4.8	1	11.2	28.2	8.5	71.4	28.6	5.2	37.7	45.1	20.5
5001300US0643	California	43	CA	Rep. Maxine Waters	D+26	Safe Dem	Solid Dem	Dem	CA-43	11	100	0	0.3	10.7	18.1	17.7	36.6	63.4	23.9	46.9	14.4	20.6
5001300US0644	California	44	CA	Rep. Janice Hahn	D+32	Safe Dem	Solid Dem	Dem	CA-44	11	100	0	0.5	14.2	15.2	22.5	41.7	58.3	15.2	70.9	6.8	17.1
5001300US0645	California	45	CA	OPEN (Campbell)	R+7	Safe Rep	Solid Rep	Rep	CA-45	5	99.6	0.4	0.2	12	45.1	5.2	64.3	35.7	1.7	18.6	53.3	24.4
5001300US0646	California	46	CA	Rep. Loretta SÂnchez	D+9	Safe Dem	Solid Dem	Dem	CA-46	11	100	0	0.7	13.9	19.7	17	60.2	39.8	1.7	66.4	19.3	16.2
5001300US0647	California	47	CA	Rep. Alan Lowenthal	D+8	Safe Dem	Solid Dem	Dem	CA-47	11	99.9	0.1	0.5	11.5	24.4	15.6	56.1	43.9	7.3	34.6	32.7	23.3
5001300US0648	California	48	CA	Rep. Dana Rohrabacher	R+7	Safe Rep	Solid Rep	Rep	CA-48	5	100	0	0.4	11.6	39.4	7.4	68.8	31.2	1	21.2	57.1	27.9
5001300US0649	California	49	CA	Rep. Darrell Issa	R+4	Safe Rep	Solid Rep	Rep	CA-49	5	98.6	1.4	1.2	10.8	35.2	9.1	76.8	23.2	2.4	27.2	61.2	25.1
5001300US0650	California	50	CA	Rep. Duncan Duane Hunter	R+14	Safe Rep	Solid Rep	Rep	CA-50	5	89.4	10.6	2.4	9.5	24.4	13.1	80.6	19.4	2.7	28.4	60.4	25.1
5001300US0651	California	51	CA	Rep. Juan Vargas	D+16	Safe Dem	Solid Dem	Dem	CA-51	11	93.9	6.1	2.3	7.9	12.2	22.5	65.1	34.9	6.9	68.6	13.7	19.1
5001300US0652	California	52	CA	Rep. Scott Peters	D+2	At-risk Dem	Tossup Dem	Dem	CA-52	8	99.5	0.5	0.3	11.3	40.2	4.1	69.4	30.6	3.1	13.7	59.5	24.4
5001300US0653	California	53	CA	Rep. Susan Davis	D+10	Safe Dem	Solid Dem	Dem	CA-53	11	99.7	0.3	0.4	6.5	25.1	9.6	65.7	34.3	8.4	33.4	41.3	21.8
5001300US0801	Colorado	1	CO	Rep. Diana DeGette	D+18	Safe Dem	Solid Dem	Dem	CO-01	11	100	0	1.1	5.7	23.1	13.3	77.6	22.4	9	28.3	57.1	21.8
5001300US0802	Colorado	2	CO	Rep. Jared Polis	D+8	Safe Dem	Solid Dem	Dem	CO-02	11	81	19	2.4	8.7	31.5	5.6	90.4	9.6	0.7	9.8	84	25.8
5001300US0803	Colorado	3	CO	Rep. Scott Tipton	R+5	Safe Rep	Solid Rep	Rep	CO-03	5	64.7	35.3	5.5	4.7	15.8	11.7	87.5	12.5	1.1	24.4	71.2	29.3
5001300US0804	Colorado	4	CO	Rep. Cory Gardner	R+11	Safe Rep	Solid Rep	Rep	CO-04	5	72.9	27.1	5.6	8.8	26.1	8.8	88.7	11.3	1.6	21.8	72.9	23.4
5001300US0805	Colorado	5	CO	Rep. Doug Lamborn	R+13	Safe Rep	Solid Rep	Rep	CO-05	5	86.4	13.6	1.4	6.5	22.1	9.5	83	17	6	14.9	72.8	23.7
5001300US0806	Colorado	6	CO	Rep. Mike Coffman	D+1	At-risk Rep	Tossup Rep	Rep	CO-06	2	98.5	1.5	1.5	6.7	29.4	7.9	76.2	23.8	9.5	20.1	62.5	21.9
5001300US0807	Colorado	7	CO	Rep. Ed Perlmutter	D+5	Safe Dem	Solid Dem	Dem	CO-07	11	99.4	0.6	1.4	8.5	22.4	8.8	87.4	12.6	1.2	27.6	65.5	23.4
5001300US0901	Connecticut	1	CT	Rep. John Larson	D+13	Safe Dem	Solid Dem	Dem	CT-01	11	93.9	6.1	0.2	10.9	28.7	8.8	72.7	27.3	15.1	15.1	63.8	28.7
5001300US0902	Connecticut	2	CT	Rep. Joe Courtney	D+5	Safe Dem	Solid Dem	Dem	CT-02	11	67.8	32.2	0.9	12.1	32.4	5.4	87.9	12.1	3.7	7.3	83.4	28.5
5001300US0903	Connecticut	3	CT	Rep. Rosa DeLauro	D+11	Safe Dem	Solid Dem	Dem	CT-03	11	96.7	3.3	0.2	11.2	27.8	9.7	75.2	24.8	13.3	13.3	67.5	27.7
5001300US0904	Connecticut	4	CT	Rep. Jim Himes	D+5	Safe Dem	Solid Dem	Dem	CT-04	11	95.8	4.2	0.2	7.5	43.6	7.2	73.9	26.1	12.2	18.6	63.3	26.1
5001300US0905	Connecticut	5	CT	Rep. Elizabeth Esty	D+3	Safe Dem	Likely Dem	Dem	CT-05	10	85.8	14.2	0.5	12.1	30.6	8.3	81.1	18.9	6.7	16.6	72.3	28
5001300US1000	Delaware	0	DE	Rep. John Carney	D+8	Safe Dem	Solid Dem	Dem	DE-AL	11	83.3	16.7	1.2	9.4	24.1	8.2	69.7	30.3	21.5	8.6	64.3	28.2
5001300US1201	Florida	1	FL	Rep. Jeff Miller	R+21	Safe Rep	Solid Rep	Rep	FL-01	5	82.1	17.9	1.2	4.9	16.1	11.2	77.3	22.7	13.1	5.8	74.2	27.4
5001300US1202	Florida	2	FL	Rep. Steve Southerland	R+6	At-risk Rep	Lean Rep	Rep	FL-02	3	65.7	34.3	1.5	4.1	14.5	12.1	69	31	24.8	5.7	65.2	25.9
5001300US1203	Florida	3	FL	Rep. Ted Yoho	R+14	Safe Rep	Solid Rep	Rep	FL-03	5	56.4	43.6	2.7	4.6	14.5	13.2	78.9	21.1	13.4	8.5	72.8	28.5
5001300US1204	Florida	4	FL	Rep. Ander Crenshaw	R+19	Safe Rep	Solid Rep	Rep	FL-04	5	89.6	10.4	0.4	5.8	20.3	9.8	77.6	22.4	13.1	8.3	71.3	26.1
5001300US1205	Florida	5	FL	Rep. Corrine Brown	D+21	Safe Dem	Solid Dem	Dem	FL-05	11	92.2	7.8	0.7	5.3	7.5	23	38.8	61.2	52.2	12.2	31.2	22.6
5001300US1206	Florida	6	FL	Rep. Ron DeSantis	R+9	Safe Rep	Solid Rep	Rep	FL-06	5	81.7	18.3	1.1	5.9	16.9	11.7	83.4	16.6	10.6	6.8	79.1	37.1
5001300US1207	Florida	7	FL	Rep. John Mica	R+4	Safe Rep	Solid Rep	Rep	FL-07	5	96.7	3.3	0.3	5.3	20.8	10.1	82	18	9	20.3	65.9	25.7
5001300US1208	Florida	8	FL	Rep. Bill Posey	R+9	Safe Rep	Solid Rep	Rep	FL-08	5	94.1	5.9	0.9	10.2	17	10.7	83.7	16.3	9.9	9.6	76.4	37.1
5001300US1209	Florida	9	FL	Rep. Alan Grayson	D+8	Safe Dem	Solid Dem	Dem	FL-09	11	93.9	6.1	0.4	4.5	12.4	15.7	75.4	24.6	11.8	46.4	37.1	21.7
5001300US1210	Florida	10	FL	Rep. Dan Webster	R+6	Safe Rep	Likely Rep	Rep	FL-10	4	91.8	8.2	1	4.2	17.7	11.4	77.2	22.8	11.9	17.1	65.6	29.5
5001300US1211	Florida	11	FL	Rep. Richard Nugent	R+11	Safe Rep	Solid Rep	Rep	FL-11	5	73.9	26.1	1	6.4	9.5	12.4	87.1	12.9	8.7	8.8	79.7	46.6
5001300US1212	Florida	12	FL	Rep. Gus Bilirakis	R+7	Safe Rep	Solid Rep	Rep	FL-12	5	92.8	7.2	0.5	5.8	19.2	8.3	88.6	11.4	4.4	11.9	79.1	35.1
5001300US1213	Florida	13	FL	VACANT (Young)	R+2	At-risk Rep	Tossup Rep	Rep	FL-13	2	100	0	0.5	7.9	16.7	9.2	87.1	12.9	5.8	9.3	79.1	37.7
5001300US1214	Florida	14	FL	Rep. Kathy Castor	D+13	Safe Dem	Solid Dem	Dem	FL-14	11	99.7	0.3	0.5	5.3	14.1	19.7	63.9	36.1	25.9	29.6	40.7	22.7
5001300US1215	Florida	15	FL	Rep. Dennis Ross	R+6	Safe Rep	Solid Rep	Rep	FL-15	5	93.9	6.1	1.7	5.4	17.6	11.4	77.4	22.6	13.3	17	64.3	26.2
5001300US1216	Florida	16	FL	Rep. Vern Buchanan	R+6	Safe Rep	Solid Rep	Rep	FL-16	5	95.8	4.2	1.1	7.4	17.8	9.4	88.4	11.6	6.7	11.6	78.5	43.7
5001300US1217	Florida	17	FL	Rep. Tom Rooney	R+10	Safe Rep	Solid Rep	Rep	FL-17	5	78.1	21.9	5.9	5	12.3	12.4	85.4	14.6	9.1	16.8	70.9	39
5001300US1218	Florida	18	FL	Rep. Patrick Murphy	R+3	At-risk Dem	Tossup Dem	Dem	FL-18	8	96.4	3.6	0.9	5.1	22.3	10	81	19	12.1	14.9	69.7	37.1
5001300US1219	Florida	19	FL	VACANT (Radel)	R+12	Safe Rep	Solid Rep	Rep	FL-19	5	96.3	3.7	0.7	3.1	19.5	9.1	86.1	13.9	7.7	17.4	72.1	41.8
5001300US1220	Florida	20	FL	Rep. Alcee Hastings	D+29	Safe Dem	Solid Dem	Dem	FL-20	11	98.5	1.5	1.8	3.9	9.4	19.1	39	61	53.4	19.5	23.9	24.3
5001300US1221	Florida	21	FL	Rep. Ted Deutch	D+10	Safe Dem	Solid Dem	Dem	FL-21	11	99.4	0.6	0.3	4.2	24.7	8.4	79.5	20.5	12.2	20.9	61.8	34.3
5001300US1222	Florida	22	FL	Rep. Lois Frankel	D+3	Safe Dem	Solid Dem	Dem	FL-22	11	100	0	1.2	4.9	23.7	10	81.4	18.6	11.3	21.7	63.1	34.9
5001300US1223	Florida	23	FL	Rep. Debbie Wasserman Schultz	D+9	Safe Dem	Solid Dem	Dem	FL-23	11	100	0	0.2	5	24.6	11.2	75.8	24.2	11.2	38.1	45.7	28.3
5001300US1224	Florida	24	FL	Rep. Frederica Wilson	D+34	Safe Dem	Solid Dem	Dem	FL-24	11	100	0	0.3	3.8	11.7	22.2	38.8	61.2	55.2	31.5	13.3	21.5
5001300US1225	Florida	25	FL	Rep. Mario Diaz-Balart	R+5	Safe Rep	Solid Rep	Rep	FL-25	5	95	5	1.7	7.1	16.8	13.9	87.4	12.6	7.5	71.8	19.3	25.7
5001300US1226	Florida	26	FL	Rep. Joe Garcia	R+1	At-risk Dem	Tossup Dem	Dem	FL-26	8	97.7	2.3	2.4	3.4	19.7	13.4	85.1	14.9	9.9	68.5	19.6	27.1
5001300US1227	Florida	27	FL	Rep. Ileana Ros-Lehtinen	R+2	Safe Rep	Solid Rep	Rep	FL-27	5	100	0	0.7	4.8	20.3	17.1	87.4	12.6	8	72	19.4	28.9
5001300US1301	Georgia	1	GA	OPEN (Kingston)	R+9	Safe Rep	Solid Rep	Rep	GA-01	5	71	29	1.3	9.8	15.2	14.3	63.5	36.5	29.7	6.7	59.9	23.5
5001300US1302	Georgia	2	GA	Rep. Sanford Bishop	D+6	Safe Dem	Solid Dem	Dem	GA-02	11	65.8	34.2	3.3	10.7	9.4	22.3	43.2	56.8	51.5	4.4	41.4	25.2
5001300US1303	Georgia	3	GA	Rep. Lynn Westmoreland	R+19	Safe Rep	Solid Rep	Rep	GA-03	5	60.5	39.5	0.9	14.7	19.7	13.2	71	29	23.4	5.5	67.2	25.2
5001300US1304	Georgia	4	GA	"Rep. Henry ""Hank"" Johnson"	D+21	Safe Dem	Solid Dem	Dem	GA-04	11	96.1	3.9	0.3	8.3	15.8	16.9	31.3	68.7	59	8.3	27	20.9
5001300US1305	Georgia	5	GA	Rep. John Lewis	D+32	Safe Dem	Solid Dem	Dem	GA-05	11	100	0	0.1	6	19.4	21.7	32.4	67.6	59.3	7.6	28.3	19.2
5001300US1306	Georgia	6	GA	Rep. Tom Price	R+14	Safe Rep	Solid Rep	Rep	GA-06	5	99.8	0.2	0.1	8	38.3	7.5	71.5	28.5	12.5	12.3	63.4	21.8
5001300US1307	Georgia	7	GA	Rep. Rob Woodall	R+14	Safe Rep	Solid Rep	Rep	GA-07	5	99.5	0.5	0.2	9.7	29.5	10.8	57.4	42.6	18.8	19.7	47.7	18
5001300US1308	Georgia	8	GA	Rep. Austin Scott	R+15	Safe Rep	Solid Rep	Rep	GA-08	5	56.7	43.3	3.1	9.3	13.8	17.5	64.1	35.9	30.5	6.3	60.3	25
5001300US1309	Georgia	9	GA	Rep. Doug Collins	R+30	Safe Rep	Solid Rep	Rep	GA-09	5	42.7	57.3	1.8	16.6	14.3	14.7	86.5	13.5	6.9	12	78.8	28.5
5001300US1310	Georgia	10	GA	OPEN (Broun)	R+14	Safe Rep	Solid Rep	Rep	GA-10	5	56	44	1.7	10.8	16.8	12.8	69.6	30.4	24.7	5.8	65.9	24.2
5001300US1311	Georgia	11	GA	OPEN (Gingrey)	R+19	Safe Rep	Solid Rep	Rep	GA-11	5	89.4	10.6	0.6	10.7	27.2	10.1	75.4	24.6	15.6	11.6	68.3	20.9
5001300US1312	Georgia	12	GA	Rep. John Barrow	R+9	At-risk Dem	Lean Dem	Dem	GA-12	9	60	40	2.5	11.3	12.9	19.4	59.9	40.1	34.7	5.6	56.7	24.2
5001300US1313	Georgia	13	GA	Rep. David Scott	D+16	Safe Dem	Solid Dem	Dem	GA-13	11	93.8	6.2	0.2	8	17.1	16.7	35.3	64.7	56.1	11.1	29	20.2
5001300US1314	Georgia	14	GA	Rep. Tom Graves	R+26	Safe Rep	Solid Rep	Rep	GA-14	5	59.7	40.3	0.5	22.5	12.3	15.2	85.9	14.1	8.7	10.6	78	24.3
5001300US1501	Hawaii	1	HI	OPEN (Hanabusa)	D+18	Safe Dem	Solid Dem	Dem	HI-01	11	99.7	0.3	0.5	3.2	31.6	6.7	18.6	81.4	2	8	16.9	28.7
5001300US1502	Hawaii	2	HI	Rep. Tulsi Gabbard	D+21	Safe Dem	Solid Dem	Dem	HI-02	11	84.1	15.9	2.9	3	26.7	10.4	31.2	68.8	1.7	10.9	28.6	27.6
5001300US1601	Idaho	1	ID	Rep. RaÂl Labrador	R+18	Safe Rep	Solid Rep	Rep	ID-01	5	69.8	30.2	4.6	9.9	14.2	11.7	92.8	7.2	0.5	10.4	84.7	26.7
5001300US1602	Idaho	2	ID	Rep. Mike Simpson	R+17	Safe Rep	Solid Rep	Rep	ID-02	5	71.3	28.7	6.6	9.3	14.5	11.7	90	10	0.6	12.9	82.1	23.8
5001300US1701	Illinois	1	IL	Rep. Bobby Rush	D+28	Safe Dem	Solid Dem	Dem	IL-01	11	99	1	0.3	7.4	19.5	16.7	40.6	59.4	52.2	8.9	36	26.3
5001300US1702	Illinois	2	IL	Rep. Robin Kelly	D+29	Safe Dem	Solid Dem	Dem	IL-02	11	94.7	5.3	0.5	9.7	15.3	18.2	37.9	62.1	55.3	13.3	29.6	25.9
5001300US1703	Illinois	3	IL	Rep. Daniel Lipinski	D+5	Safe Dem	Solid Dem	Dem	IL-03	11	99.6	0.4	0.3	12.4	24.7	9	77.3	22.7	4.5	29.2	60.7	25.7
5001300US1704	Illinois	4	IL	Rep. Luis Gutierrez	D+29	Safe Dem	Solid Dem	Dem	IL-04	11	100	0	0.5	17.1	13.9	18.9	61.6	38.4	4.6	70.6	21.3	16.5
5001300US1705	Illinois	5	IL	Rep. Mike Quigley	D+16	Safe Dem	Solid Dem	Dem	IL-05	11	100	0	0.1	8.9	31.9	7.7	80.8	19.2	2.7	20.6	68.5	23.1
5001300US1706	Illinois	6	IL	Rep. Peter Roskam	R+4	Safe Rep	Solid Rep	Rep	IL-06	5	99.4	0.6	0.2	13	44.7	4	85.5	14.5	2.9	8.9	79	27.5
5001300US1707	Illinois	7	IL	Rep. Danny Davis	D+36	Safe Dem	Solid Dem	Dem	IL-07	11	100	0	0.1	8.2	22.4	23.1	32.7	67.3	51.2	14.7	26.1	21.1
5001300US1708	Illinois	8	IL	Rep. Tammy Duckworth	D+8	Safe Dem	Likely Dem	Dem	IL-08	10	100	0	0.2	17	26.6	8	69.6	30.4	5.1	28.1	53.4	21.6
5001300US1709	Illinois	9	IL	Rep. Jan Schakowsky	D+15	Safe Dem	Solid Dem	Dem	IL-09	11	100	0	0.1	7.5	29.1	9.1	72.9	27.1	8.9	10.6	65	28.5
5001300US1710	Illinois	10	IL	Rep. Brad Schneider	D+8	At-risk Dem	Tossup Dem	Dem	IL-10	8	99.7	0.3	0.1	15.3	33.2	8.2	78.2	21.8	6.6	22.8	60.1	24.4
5001300US1711	Illinois	11	IL	Rep. Bill Foster	D+8	Safe Dem	Likely Dem	Dem	IL-11	10	99.7	0.3	0.3	12.8	27.5	8.3	66.4	33.6	10.7	26.8	53.6	21.2
5001300US1712	Illinois	12	IL	Rep. Bill Enyart	EVEN	At-risk Dem	Lean Dem	Dem	IL-12	9	75.4	24.6	1.6	10.6	14.7	13.4	79.3	20.7	16.5	2.9	77.1	27.7
5001300US1713	Illinois	13	IL	Rep. Rodney Davis	EVEN	At-risk Rep	Lean Rep	Rep	IL-13	3	78.9	21.1	1.7	9.8	16	11.6	82.3	17.7	11	3.3	79.8	27.1
5001300US1714	Illinois	14	IL	Rep. Randy Hultgren	R+5	Safe Rep	Solid Rep	Rep	IL-14	5	89.9	10.1	0.9	14.8	37.6	4.8	87.8	12.2	3.4	10.8	79.9	21.5
5001300US1715	Illinois	15	IL	Rep. John Shimkus	R+14	Safe Rep	Solid Rep	Rep	IL-15	5	48.6	51.4	4.6	15	15.2	10.1	92.6	7.4	4.5	2.4	90.8	29.5
5001300US1716	Illinois	16	IL	Rep. Adam Kinzinger	R+4	Safe Rep	Solid Rep	Rep	IL-16	5	70.9	29.1	2.7	18	19	9	90.3	9.7	3.9	8.5	84.8	28.3
5001300US1717	Illinois	17	IL	Rep. Cheri Bustos	D+7	At-risk Dem	Lean Dem	Dem	IL-17	9	73.3	26.7	2.5	17.6	12.8	13.4	82.6	17.4	11	8.5	77.3	30
5001300US1718	Illinois	18	IL	Rep. Aaron Schock	R+11	Safe Rep	Solid Rep	Rep	IL-18	5	63.7	36.3	2.8	12.7	23.5	6.7	91	9	3.9	2.6	89.3	29.1
5001300US1801	Indiana	1	IN	Rep. Pete Visclosky	D+10	Safe Dem	Solid Dem	Dem	IN-01	11	90.3	9.7	0.6	16.5	19	13.9	70	30	19.5	14.4	63.3	26.9
5001300US1802	Indiana	2	IN	Rep. Jackie Walorski	R+6	At-risk Rep	Lean Rep	Rep	IN-02	3	69.8	30.2	1.5	27.2	13.3	11.2	87	13	6.9	8.5	81.5	26.8
5001300US1803	Indiana	3	IN	Rep. Marlin Stutzman	R+13	Safe Rep	Solid Rep	Rep	IN-03	5	64.8	35.2	1.4	25.7	14.4	10.5	88	12	6.2	5.7	84.4	26.2
5001300US1804	Indiana	4	IN	Rep. Todd Rokita	R+11	Safe Rep	Solid Rep	Rep	IN-04	5	63.4	36.6	2	18.8	16.9	8.8	91.5	8.5	3.6	5.5	87	25.4
5001300US1805	Indiana	5	IN	Rep. Susan Brooks	R+9	Safe Rep	Solid Rep	Rep	IN-05	5	87.4	12.6	0.7	12.8	27.1	6.5	85.1	14.9	8.5	3.9	82.6	24.9
5001300US1806	Indiana	6	IN	Rep. Luke Messer	R+12	Safe Rep	Solid Rep	Rep	IN-06	5	54.7	45.3	1.8	22.7	12.2	11.6	93.3	6.7	2.2	2.1	92.4	28.5
5001300US1807	Indiana	7	IN	Rep. AndrÂ Carson	D+13	Safe Dem	Solid Dem	Dem	IN-07	11	99.3	0.7	0.3	11.1	10.7	19.3	59.8	40.2	28.5	10.8	55.7	21
5001300US1808	Indiana	8	IN	Rep. Larry Bucshon	R+8	Safe Rep	Solid Rep	Rep	IN-08	5	57.7	42.3	2.5	19	13.7	10.3	92.5	7.5	4	2.2	91.1	28.7
5001300US1809	Indiana	9	IN	Rep. Todd Young	R+9	Safe Rep	Solid Rep	Rep	IN-09	5	64.5	35.5	1.2	17.5	15.7	10.4	92.1	7.9	2.5	3.2	90.4	25.9
5001300US1901	Iowa	1	IA	OPEN (Braley)	D+5	Safe Dem	Likely Dem	Dem	IA-01	10	62.9	37.1	4.1	17.7	17.1	7.4	92.3	7.7	3.2	3.4	90.1	28.7
5001300US1902	Iowa	2	IA	Rep. Dave Loebsack	D+4	Safe Dem	Solid Dem	Dem	IA-02	11	63.3	36.7	2.9	17.6	17.3	9.5	91.4	8.6	3.7	5.1	87.5	28
5001300US1903	Iowa	3	IA	OPEN (Latham)	EVEN	At-risk Rep	Tossup Rep	Rep	IA-03	2	77.8	22.2	2.1	9.4	21.3	9.4	89.6	10.4	3.7	6.3	85.2	25.1
5001300US1904	Iowa	4	IA	Rep. Steve King	R+5	Safe Rep	Likely Rep	Rep	IA-04	4	52.1	47.9	7.1	16	14.3	8.9	93.4	6.6	1.3	6.1	89.3	30.4
5001300US2001	Kansas	1	KS	Rep. Tim Huelskamp	R+23	Safe Rep	Solid Rep	Rep	KS-01	5	59.2	40.8	8	12.3	13.2	8.6	88.7	11.3	3.3	14.7	78.3	26.4
5001300US2002	Kansas	2	KS	Rep. Lynn Jenkins	R+8	Safe Rep	Solid Rep	Rep	KS-02	5	62.8	37.2	2.3	11.8	15.4	10.9	87.9	12.1	4.1	6	83.5	27.6
5001300US2003	Kansas	3	KS	Rep. Kevin Yoder	R+6	Safe Rep	Solid Rep	Rep	KS-03	5	95	5	0.6	9	29.6	7.3	81.9	18.1	8.8	11.6	73.1	23.5
5001300US2004	Kansas	4	KS	Rep. Mike Pompeo	R+14	Safe Rep	Solid Rep	Rep	KS-04	5	79.8	20.2	2.5	18.2	16.2	10.7	83.7	16.3	7	11.4	74.9	25.8
5001300US2101	Kentucky	1	KY	Rep. Ed Whitfield	R+18	Safe Rep	Solid Rep	Rep	KY-01	5	36.9	63.1	5.1	17	10.2	15.7	89.8	10.2	6.7	2.5	87.9	29.6
5001300US2102	Kentucky	2	KY	Rep. Brett Guthrie	R+16	Safe Rep	Solid Rep	Rep	KY-02	5	49.8	50.2	2.3	17.6	13.9	13.6	89.5	10.5	5.7	2.9	87.9	26
5001300US2103	Kentucky	3	KY	Rep. John Yarmuth	D+4	Safe Dem	Solid Dem	Dem	KY-03	11	99.3	0.7	0.3	10.4	17	13.3	72.8	27.2	21.2	4.6	69.5	26.7
5001300US2104	Kentucky	4	KY	Rep. Thomas Massie	R+16	Safe Rep	Solid Rep	Rep	KY-04	5	68.2	31.8	1.2	13.6	20.6	11.2	92.7	7.3	3.4	3	90.9	25.3
5001300US2105	Kentucky	5	KY	Rep. Hal Rogers	R+25	Safe Rep	Solid Rep	Rep	KY-05	5	23.5	76.5	7.3	10.6	7.9	22.1	96.6	3.4	1.4	0.8	96.1	28.5
5001300US2106	Kentucky	6	KY	Rep. Andy Barr	R+9	Safe Rep	Likely Rep	Rep	KY-06	4	72.6	27.4	2.9	12.4	16.3	12.9	85.5	14.5	8.6	4.4	83	25.1
5001300US2201	Louisiana	1	LA	Rep. Steve Scalise	R+26	Safe Rep	Solid Rep	Rep	LA-01	5	86	14	3.5	7	21.5	10.3	79.5	20.5	13.4	7.8	73.3	27.1
5001300US2202	Louisiana	2	LA	Rep. Cedric Richmond	D+23	Safe Dem	Solid Dem	Dem	LA-02	11	94.6	5.4	1.8	7.5	12.4	22.5	32.2	67.8	61.8	6.2	28.8	23.9
5001300US2203	Louisiana	3	LA	Rep. Charles Boustany	R+19	Safe Rep	Solid Rep	Rep	LA-03	5	73.4	26.6	10.9	8.8	17.5	14.7	70.9	29.1	24.4	3.2	68.5	24.5
5001300US2204	Louisiana	4	LA	Rep. John Fleming	R+13	Safe Rep	Solid Rep	Rep	LA-04	5	58.7	41.3	6.1	7.1	15.3	16.2	61.3	38.7	34.2	3.5	59	26.3
5001300US2205	Louisiana	5	LA	Rep. Vance McAllister	R+15	Safe Rep	Solid Rep	Rep	LA-05	5	48.3	51.7	5.6	6.4	12.4	19.8	62.2	37.8	35.6	2	60.6	26.7
5001300US2206	Louisiana	6	LA	OPEN (Cassidy)	R+21	Safe Rep	Solid Rep	Rep	LA-06	5	78.1	21.9	2.8	9.8	22.7	10.7	71.1	28.9	24	4.3	68.2	23.4
5001300US2301	Maine	1	ME	Rep. Chellie Pingree	D+9	Safe Dem	Solid Dem	Dem	ME-01	11	49.4	50.6	1.5	9	19.8	8.3	94.8	5.2	1.3	1.6	93.5	31.8
5001300US2302	Maine	2	ME	OPEN (Michaud)	D+2	At-risk Dem	Lean Dem	Dem	ME-02	9	27.9	72.1	3.7	9.4	11.6	11.3	95.5	4.5	0.8	1.2	94.7	32.5
5001300US2401	Maryland	1	MD	Rep. Andy Harris	R+14	Safe Rep	Solid Rep	Rep	MD-01	5	59.4	40.6	2.1	7.9	30	7.4	82.9	17.1	11.7	3.4	80.8	30.5
5001300US2402	Maryland	2	MD	Rep. Dutch Ruppersberger	D+10	Safe Dem	Solid Dem	Dem	MD-02	11	99.5	0.5	0.2	6.3	25.3	9.6	57.3	42.7	32.2	5.8	54	23.7
5001300US2403	Maryland	3	MD	Rep. John Sarbanes	D+9	Safe Dem	Solid Dem	Dem	MD-03	11	98.5	1.5	0.2	4.8	37.8	5.8	65.3	34.7	21.7	6.9	61.8	25.9
5001300US2404	Maryland	4	MD	Rep. Donna Edwards	D+26	Safe Dem	Solid Dem	Dem	MD-04	11	98.6	1.4	0.2	3.1	32.8	7.2	31.6	68.4	52.8	15.7	26.7	22.5
5001300US2405	Maryland	5	MD	Rep. Steny Hoyer	D+14	Safe Dem	Solid Dem	Dem	MD-05	11	77.1	22.9	0.4	3.3	43.2	4.6	53.2	46.8	36.9	6.8	49.1	24
5001300US2406	Maryland	6	MD	Rep. John Delaney	D+4	Safe Dem	Solid Dem	Dem	MD-06	11	84.5	15.5	0.7	6	34.9	7.3	70.9	29.1	12.1	12.5	62.5	24.8
5001300US2407	Maryland	7	MD	Rep. Elijah Cummings	D+24	Safe Dem	Solid Dem	Dem	MD-07	11	91.9	8.1	0.3	4.8	25.5	12.6	35.2	64.8	55.1	3.8	33.2	25.9
5001300US2408	Maryland	8	MD	Rep. Chris Van Hollen	D+11	Safe Dem	Solid Dem	Dem	MD-08	11	88.1	11.9	0.5	3.2	46.8	4.2	68.2	31.8	11.6	14.3	62.6	26.8
5001300US2501	Massachusetts	1	MA	Rep. Richard Neal	D+13	Safe Dem	Solid Dem	Dem	MA-01	11	80.8	19.2	0.7	11.3	20.1	12.5	83.3	16.7	6.2	15.8	74.8	30.1
5001300US2502	Massachusetts	2	MA	Rep. Jim McGovern	D+8	Safe Dem	Solid Dem	Dem	MA-02	11	81.3	18.7	0.7	10.8	28	8.4	85.3	14.7	4.5	9	79.9	25.3
5001300US2503	Massachusetts	3	MA	Rep. Niki Tsongas	D+6	Safe Dem	Solid Dem	Dem	MA-03	11	90.5	9.5	0.5	14.7	33	10.1	77.5	22.5	4	16.7	71.5	25.7
5001300US2504	Massachusetts	4	MA	Rep. Joseph Kennedy III	D+6	Safe Dem	Solid Dem	Dem	MA-04	11	93.2	6.8	0.2	9.3	41.6	5.7	87.7	12.3	2.8	3.8	85.3	26.8
5001300US2505	Massachusetts	5	MA	Rep. Katherine Clark	D+14	Safe Dem	Solid Dem	Dem	MA-05	11	98.9	1.1	0.2	7.4	39.7	5.6	79.6	20.4	5	7.8	75	27
5001300US2506	Massachusetts	6	MA	Rep. John Tierney	D+4	At-risk Dem	Lean Dem	Dem	MA-06	9	95.7	4.3	0.3	9.7	38	6	86.2	13.8	3	8	83.5	29.7
5001300US2507	Massachusetts	7	MA	Rep. Michael Capuano	D+31	Safe Dem	Solid Dem	Dem	MA-07	11	99.9	0.1	0.2	4.9	23	16.4	51.8	48.2	26.4	20.6	43.1	19.4
5001300US2508	Massachusetts	8	MA	Rep. Stephen Lynch	D+6	Safe Dem	Solid Dem	Dem	MA-08	11	99.2	0.8	0.3	6.6	35.1	7.1	78.9	21.1	9.5	4.9	76.6	27.5
5001300US2509	Massachusetts	9	MA	Rep. William Keating	D+5	Safe Dem	Solid Dem	Dem	MA-09	11	88.1	11.9	0.9	7.4	26	6.8	91	9	2.6	4.7	88.3	33.5
5001300US2601	Michigan	1	MI	Rep. Dan Benishek	R+5	At-risk Rep	Lean Rep	Rep	MI-01	3	36.6	63.4	3.1	11	10.9	10.3	92.4	7.6	1.7	1.4	91.6	35.9
5001300US2602	Michigan	2	MI	Rep. Bill Huizenga	R+7	Safe Rep	Solid Rep	Rep	MI-02	5	74.3	25.7	1.7	22.3	13.7	12	87.1	12.9	6	8.9	80.5	26
5001300US2603	Michigan	3	MI	Rep. Justin Amash	R+4	Safe Rep	Likely Rep	Rep	MI-03	4	68.5	31.5	1.7	17.9	17.5	12.2	84.8	15.2	8.8	7	79.9	25.3
5001300US2604	Michigan	4	MI	Rep. Dave Camp	R+5	Safe Rep	Solid Rep	Rep	MI-04	5	36.7	63.3	3.1	16.6	13.6	11.3	94.2	5.8	1.7	3	92	30.2
5001300US2605	Michigan	5	MI	Rep. Dan Kildee	D+10	Safe Dem	Solid Dem	Dem	MI-05	11	77.5	22.5	0.9	15.4	11.1	15.3	77.6	22.4	17.9	4.4	74.5	29.7
5001300US2606	Michigan	6	MI	Rep. Fred Upton	R+1	Safe Rep	Solid Rep	Rep	MI-06	5	58.7	41.3	2.2	20.5	14.4	12	85.1	14.9	8.5	5.5	81.7	28.1
5001300US2607	Michigan	7	MI	Rep. Tim Walberg	R+3	At-risk Rep	Lean Rep	Rep	MI-07	3	53.8	46.2	1.5	18.3	16.9	9.4	91.8	8.2	4.2	4	88.6	29.1
5001300US2608	Michigan	8	MI	Rep. Mike Rogers	R+2	Safe Rep	Solid Rep	Rep	MI-08	5	79.2	20.8	0.9	15.7	27.2	8.8	86.5	13.5	6.2	4.5	83.3	25.7
5001300US2609	Michigan	9	MI	Rep. Sandy Levin*	D+6	Safe Dem	Solid Dem	Dem	MI-09	11	100	0	0.2	17.9	18.9	11	81.6	18.4	11.1	2.6	79.8	29.2
5001300US2610	Michigan	10	MI	Rep. Candice Miller	R+6	Safe Rep	Solid Rep	Rep	MI-10	5	63.7	36.3	1.8	21.6	21.6	8.3	92.7	7.3	3.1	2.9	90.6	28.6
5001300US2611	Michigan	11	MI	Rep. Kerry Bentivolio*	R+4	Safe Rep	Likely Rep	Rep	MI-11	4	97.8	2.2	0.4	18.9	33.5	5.6	83.3	16.7	5.1	3.2	80.8	26.8
5001300US2612	Michigan	12	MI	OPEN (Dingell)	D+15	Safe Dem	Solid Dem	Dem	MI-12	11	97.2	2.8	0.3	14	19.5	13.4	79.7	20.3	11.2	5.3	75.8	24.9
5001300US2613	Michigan	13	MI	Rep. John Conyers	D+34	Safe Dem	Solid Dem	Dem	MI-13	11	100	0	0.3	15.3	7.8	28	37.8	62.2	56.3	7.1	33.3	24.8
5001300US2614	Michigan	14	MI	OPEN (Peters)	D+29	Safe Dem	Solid Dem	Dem	MI-14	11	100	0	0.1	13.4	16.1	22.9	34.7	65.3	56.4	4.5	32	27.6
5001300US2701	Minnesota	1	MN	Rep. Tim Walz	R+1	Safe Dem	Likely Dem	Dem	MN-01	10	62.5	37.5	4.8	16.6	18.9	6.6	92.3	7.7	2.6	5.9	87.6	28.1
5001300US2702	Minnesota	2	MN	Rep. John Kline	R+2	Safe Rep	Likely Rep	Rep	MN-02	4	87	13	1.2	12.6	32.7	5.4	86.5	13.5	3.9	5.6	83.6	22.9
5001300US2703	Minnesota	3	MN	Rep. Erik Paulsen	R+2	Safe Rep	Solid Rep	Rep	MN-03	5	95.6	4.4	0.4	15	36.9	4.9	82.8	17.2	6.7	4.3	80.2	27
5001300US2704	Minnesota	4	MN	Rep. Betty McCollum	D+11	Safe Dem	Solid Dem	Dem	MN-04	11	97.2	2.8	0.4	12.8	26.5	9.4	74.3	25.7	9.4	6.3	69.8	24.5
5001300US2705	Minnesota	5	MN	Rep. Keith Ellison	D+22	Safe Dem	Solid Dem	Dem	MN-05	11	100	0	0.6	10.4	21.4	14	69.8	30.2	16.1	9.2	64.2	21.4
5001300US2706	Minnesota	6	MN	OPEN (Bachmann)	R+10	Safe Rep	Solid Rep	Rep	MN-06	5	69.5	30.5	1.3	16	28.5	5	92.1	7.9	2.2	2.4	90.8	21.6
5001300US2707	Minnesota	7	MN	Rep. Collin Peterson*	R+6	Safe Dem	Likely Dem	Dem	MN-07	10	35.9	64.1	7.3	14.7	15.1	7.6	92.8	7.2	0.6	4	90.2	31.7
5001300US2708	Minnesota	8	MN	Rep. Rick Nolan	D+1	At-risk Dem	Lean Dem	Dem	MN-08	9	38.5	61.5	3.2	10.8	14	9.1	93.6	6.4	0.9	1.4	92.6	32.2
5001300US2801	Mississippi	1	MS	Rep. Alan Nunnelee	R+16	Safe Rep	Solid Rep	Rep	MS-01	5	41.9	58.1	1.6	18.4	12.3	16.3	69.6	30.4	27.3	3.2	67.8	25.8
5001300US2802	Mississippi	2	MS	Rep. Bennie Thompson	D+13	Safe Dem	Solid Dem	Dem	MS-02	11	56.3	43.7	3.4	12.4	8.6	26.8	32.9	67.1	65	1.6	32.2	25.1
5001300US2803	Mississippi	3	MS	Rep. Gregg Harper	R+14	Safe Rep	Solid Rep	Rep	MS-03	5	43.6	56.4	4	10.6	15	16.7	61.2	38.8	35.7	2.2	59.5	26.3
5001300US2804	Mississippi	4	MS	Rep. Steven Palazzo	R+21	Safe Rep	Solid Rep	Rep	MS-04	5	55.6	44.4	3.5	11.7	12.8	17.8	72.4	27.6	23.5	3.8	69.7	25.5
5001300US2901	Missouri	1	MO	Rep. Lacy Clay	D+28	Safe Dem	Solid Dem	Dem	MO-01	11	99.7	0.3	0.3	8.4	12.4	19.1	44	56	49.1	3.1	42.2	24.1
5001300US2902	Missouri	2	MO	Rep. Ann Wagner	R+8	Safe Rep	Solid Rep	Rep	MO-02	5	98.7	1.3	0.6	10.9	34	4.7	89.5	10.5	3.8	2.7	87.6	30.3
5001300US2903	Missouri	3	MO	Rep. Blaine Luetkemeyer	R+13	Safe Rep	Solid Rep	Rep	MO-03	5	61.3	38.7	1.2	13.5	18.5	9.4	93.1	6.9	3.4	2.1	91.7	26.7
5001300US2904	Missouri	4	MO	Rep. Vicky Hartzler	R+13	Safe Rep	Solid Rep	Rep	MO-04	5	51.3	48.7	2.6	11.3	11.9	11.3	89.7	10.3	3.8	3.3	87.7	27.1
5001300US2905	Missouri	5	MO	Rep. Emanuel Cleaver	D+9	Safe Dem	Solid Dem	Dem	MO-05	11	91.4	8.6	0.7	9	12.8	15.2	69.1	30.9	22	8.4	65.3	25.9
5001300US2906	Missouri	6	MO	Rep. Sam Graves	R+12	Safe Rep	Solid Rep	Rep	MO-06	5	61.4	38.6	3.4	12.4	18.1	8.2	90.8	9.2	4.1	3.7	88.3	26.9
5001300US2907	Missouri	7	MO	Rep. Billy Long	R+19	Safe Rep	Solid Rep	Rep	MO-07	5	61.5	38.5	1.7	12.5	10.5	13.4	92.5	7.5	1.7	4.6	89.2	27.7
5001300US2908	Missouri	8	MO	Rep. Jason Smith	R+17	Safe Rep	Solid Rep	Rep	MO-08	5	38.3	61.7	3.8	14.7	9.6	14.4	92.3	7.7	4.8	1.6	91.4	29.9
5001300US3000	Montana	0	MT	OPEN (Daines)	R+7	Safe Rep	Likely Rep	Rep	MT-AL	4	55.9	44.1	7.2	4.7	15.2	10.2	89.2	10.8	0.4	3.1	87.2	30.4
5001300US3101	Nebraska	1	NE	Rep. Jeff Fortenberry	R+10	Safe Rep	Solid Rep	Rep	NE-01	5	74.3	25.7	3.3	12.4	18.3	8.5	90.8	9.2	2.3	8	84.3	25.4
5001300US3102	Nebraska	2	NE	Rep. Lee Terry	R+4	Safe Rep	Likely Rep	Rep	NE-02	4	96.9	3.1	0.7	9.4	22.3	10.2	79.7	20.3	10.4	10.7	73.8	21.6
5001300US3103	Nebraska	3	NE	Rep. Adrian Smith	R+23	Safe Rep	Solid Rep	Rep	NE-03	5	48.2	51.8	10.1	11.5	13.1	8.7	94.1	5.9	1	10.2	86.1	31.3
5001300US3201	Nevada	1	NV	Rep. Dina Titus	D+14	Safe Dem	Solid Dem	Dem	NV-01	11	100	0	0.1	2.5	9.6	19.3	61.1	38.9	9.8	44.5	35.2	23.8
5001300US3202	Nevada	2	NV	Rep. Mark Amodei	R+5	Safe Rep	Solid Rep	Rep	NV-02	5	85.7	14.3	4.8	7	19.6	12.9	83.2	16.8	1.8	21.4	68.1	27.4
5001300US3203	Nevada	3	NV	Rep. Joe Heck	EVEN	At-risk Rep	Lean Rep	Rep	NV-03	3	98.3	1.7	0.2	3.6	23.8	6.2	69.7	30.3	7.4	16.6	58.5	24.8
5001300US3204	Nevada	4	NV	Rep. Steven Horsford	D+4	Safe Dem	Likely Dem	Dem	NV-04	10	92.7	7.3	1.6	3.6	17.4	13.3	64.5	35.5	14	27.3	48.7	23.8
5001300US3301	New Hampshire	1	NH	Rep. Carol Shea-Porter	R+1	At-risk Dem	Tossup Dem	Dem	NH-01	8	69.6	30.4	0.4	11.8	27.3	7.4	93.8	6.2	1.5	2.9	91.9	29.1
5001300US3302	New Hampshire	2	NH	Rep. Ann McLane Kuster	D+3	At-risk Dem	Lean Dem	Dem	NH-02	9	51.1	48.9	1	13.2	28.1	6.1	94.3	5.7	1	3.2	91.7	29.1
5001300US3401	New Jersey	1	NJ	VACANT (Andrews)	D+13	Safe Dem	Solid Dem	Dem	NJ-01	11	98.2	1.8	0.1	7.7	27.7	8.8	68.1	31.9	17.7	12.3	64.3	26.2
5001300US3402	New Jersey	2	NJ	Rep. Frank LoBiondo	D+1	Safe Rep	Likely Rep	Rep	NJ-02	4	80.5	19.5	1.2	6.5	23.8	9.4	74	26	12.9	15.3	66.8	29.9
5001300US3403	New Jersey	3	NJ	OPEN (Runyan)	R+1	At-risk Rep	Tossup Rep	Rep	NJ-03	2	95.7	4.3	0.2	6.3	32	4.7	81.4	18.6	10.4	6.7	77.3	30.5
5001300US3404	New Jersey	4	NJ	Rep. Chris Smith	R+7	Safe Rep	Solid Rep	Rep	NJ-04	5	95.1	4.9	0.4	6.8	36.3	6.2	86.2	13.8	6.2	10.7	78.5	29.4
5001300US3405	New Jersey	5	NJ	Rep. Scott Garrett	R+4	Safe Rep	Solid Rep	Rep	NJ-05	5	87	13	0.5	8.8	44.7	4.4	78.8	21.2	4.9	12.7	71.6	29.6
5001300US3406	New Jersey	6	NJ	Rep. Frank Pallone	D+8	Safe Dem	Solid Dem	Dem	NJ-06	11	100	0	0.2	9.4	34.8	8	66.4	33.6	9.9	20.2	50.7	24.7
5001300US3407	New Jersey	7	NJ	Rep. Leonard Lance	R+6	Safe Rep	Solid Rep	Rep	NJ-07	5	85.8	14.2	0.4	11.5	49.3	3.6	80.5	19.5	4	11.9	73.2	27
5001300US3408	New Jersey	8	NJ	Rep. Albio Sires	D+24	Safe Dem	Solid Dem	Dem	NJ-08	11	100	0	0.1	8.8	24	15.7	56.2	43.8	10.9	54.7	25.5	18.8
5001300US3409	New Jersey	9	NJ	Rep. Bill Pascrell	D+14	Safe Dem	Solid Dem	Dem	NJ-09	11	100	0	0.2	11.7	28.6	12.6	64.4	35.6	11.4	34.8	41.3	23.9
5001300US3410	New Jersey	10	NJ	Rep. Donald Payne, Jr.	D+34	Safe Dem	Solid Dem	Dem	NJ-10	11	100	0	0.1	6.4	19.1	17.5	29.4	70.6	54.1	17.2	20.9	23
5001300US3411	New Jersey	11	NJ	Rep. Rodney Frelinghuysen	R+6	Safe Rep	Solid Rep	Rep	NJ-11	5	96.2	3.8	0.1	9.6	48.3	3.2	83.3	16.7	4.1	9.1	76.2	30.5
5001300US3412	New Jersey	12	NJ	OPEN (Holt)	D+14	Safe Dem	Solid Dem	Dem	NJ-12	11	97.6	2.4	0.3	10.2	38.4	7	58.5	41.5	18	15.4	49.3	25.1
5001300US3501	New Mexico	1	NM	Rep. Michelle Lujan Grisham	D+7	Safe Dem	Solid Dem	Dem	NM-01	11	92.2	7.8	1.5	5.7	17.7	15.4	69	31	2.7	49.2	40.8	26.6
5001300US3502	New Mexico	2	NM	Rep. Steve Pearce	R+5	Safe Rep	Likely Rep	Rep	NM-02	4	72	28	8.4	5	12.8	18.8	80.3	19.7	1.7	52.2	39	26.8
5001300US3503	New Mexico	3	NM	Rep. Ben Ray LujÂn	D+8	Safe Dem	Solid Dem	Dem	NM-03	11	68	32	3.7	4.6	18	16	66.3	33.7	1.8	39.5	39.2	27.2
5001300US3601	New York	1	NY	Rep. Tim Bishop	R+2	At-risk Dem	Lean Dem	Dem	NY-01	9	94.9	5.1	0.4	6.4	42.9	5.2	88.4	11.6	4.8	12.7	77.5	27.7
5001300US3602	New York	2	NY	Rep. Peter King	R+1	Safe Rep	Solid Rep	Rep	NY-02	5	99.9	0.1	0.1	9.7	41.4	4.5	77.1	22.9	9.6	22.1	64.3	25.5
5001300US3603	New York	3	NY	Rep. Steve Israel	EVEN	Safe Dem	Solid Dem	Dem	NY-03	11	99.4	0.6	0.1	5.4	48.8	3.9	77.4	22.6	3.3	10.3	71	32.1
5001300US3604	New York	4	NY	OPEN (McCarthy)	D+3	Safe Dem	Likely Dem	Dem	NY-04	10	100	0	0.1	5.1	45.1	5.2	68.3	31.7	14.3	18.8	59.3	28.4
5001300US3605	New York	5	NY	Rep. Gregory Meeks	D+35	Safe Dem	Solid Dem	Dem	NY-05	11	100	0	0.1	4.3	25.9	12.8	18.2	81.8	50.1	19.2	11.1	23.4
5001300US3606	New York	6	NY	Rep. Grace Meng	D+13	Safe Dem	Solid Dem	Dem	NY-06	11	100	0	0.3	4.6	23.9	11.6	49.2	50.8	3.8	20.1	36.6	28.9
5001300US3607	New York	7	NY	Rep. Nydia VelÂzquez	D+34	Safe Dem	Solid Dem	Dem	NY-07	11	100	0	0.1	6.1	19.3	25.9	49.7	50.3	10.9	43.7	27.1	18.5
5001300US3608	New York	8	NY	Rep. Hakeem Jeffries	D+35	Safe Dem	Solid Dem	Dem	NY-08	11	100	0	0.1	2.9	18.7	20.7	29.6	70.4	56.8	17.5	22.8	24.5
5001300US3609	New York	9	NY	Rep. Yvette Clarke	D+32	Safe Dem	Solid Dem	Dem	NY-09	11	100	0	0	3.1	19.5	16.9	32.6	67.4	53.3	10.8	30.3	24.8
5001300US3610	New York	10	NY	Rep. Jerrold Nadler	D+23	Safe Dem	Solid Dem	Dem	NY-10	11	100	0	0	3.7	39.3	14.3	72	28	4.2	12.4	65.5	25
5001300US3611	New York	11	NY	Rep. Michael Grimm	R+2	At-risk Rep	Lean Rep	Rep	NY-11	3	100	0	0	4.1	28.7	11.3	71.5	28.5	7.6	15.6	62.7	26.7
5001300US3612	New York	12	NY	Rep. Carolyn Maloney	D+27	Safe Dem	Solid Dem	Dem	NY-12	11	100	0	0	3.2	42.5	8.6	76.3	23.7	4.7	12.1	69	24.6
5001300US3613	New York	13	NY	Rep. Charles Rangel*	D+42	Safe Dem	Solid Dem	Dem	NY-13	11	100	0	0.1	4	11.9	25.9	26.2	73.8	30.4	54.6	12.5	22.2
5001300US3614	New York	14	NY	Rep. Joe Crowley	D+26	Safe Dem	Solid Dem	Dem	NY-14	11	100	0	0.3	4.5	18.5	15.1	46.3	53.7	10.4	48.1	24.4	22.6
5001300US3615	New York	15	NY	Rep. JosÂ Serrano	D+43	Safe Dem	Solid Dem	Dem	NY-15	11	100	0	0.1	3.8	5.3	39.7	15	85	32	66.4	2.6	17.2
5001300US3616	New York	16	NY	Rep. Eliot Engel	D+21	Safe Dem	Solid Dem	Dem	NY-16	11	100	0	0.2	3.2	29.8	11.8	47.6	52.4	33.1	23.6	38.1	27.6
5001300US3617	New York	17	NY	Rep. Nita Lowey	D+5	Safe Dem	Solid Dem	Dem	NY-17	11	98.4	1.6	0.2	5.2	42.3	7.8	70.4	29.6	10.9	20.7	61.6	27
5001300US3618	New York	18	NY	Rep. Sean Patrick Maloney	EVEN	At-risk Dem	Lean Dem	Dem	NY-18	9	81.5	18.5	0.6	6.8	36.6	6.6	79.5	20.5	8.7	15.3	71	25.7
5001300US3619	New York	19	NY	Rep. Chris Gibson	D+1	At-risk Rep	Lean Rep	Rep	NY-19	3	36.5	63.5	2.2	7.9	21.8	8.1	89.4	10.6	4.8	6.7	85.3	31.8
5001300US3620	New York	20	NY	Rep. Paul Tonko	D+7	Safe Dem	Solid Dem	Dem	NY-20	11	88.7	11.3	0.7	6.5	24.3	7.9	81.5	18.5	9	5.8	78.4	27.9
5001300US3621	New York	21	NY	OPEN (Owens)	EVEN	At-risk Dem	Tossup Dem	Dem	NY-21	8	42.3	57.7	2.2	9.4	16.7	9.9	92.3	7.7	3.2	2.9	90.7	28.2
5001300US3622	New York	22	NY	Rep. Richard Hanna	R+3	Safe Rep	Solid Rep	Rep	NY-22	5	57.5	42.5	1.3	11	15.7	11.4	90.5	9.5	3.6	3.3	88.7	29.9
5001300US3623	New York	23	NY	Rep. Tom Reed	R+3	At-risk Rep	Lean Rep	Rep	NY-23	3	47.6	52.4	2.9	14.1	15.3	10.5	92	8	2.7	3.5	89.4	29.6
5001300US3624	New York	24	NY	Rep. Dan Maffei	D+5	Safe Dem	Likely Dem	Dem	NY-24	10	72.8	27.2	1	10.1	19.1	9.5	85.4	14.6	8.3	3.9	83.2	28.2
5001300US3625	New York	25	NY	Rep. Louise Slaughter	D+7	Safe Dem	Solid Dem	Dem	NY-25	11	95.5	4.5	0.3	12.6	20	11.2	75.6	24.4	15.7	7.9	71.3	27.5
5001300US3626	New York	26	NY	Rep. Brian Higgins	D+12	Safe Dem	Solid Dem	Dem	NY-26	11	99.5	0.5	0.2	10.7	15.3	14.3	73.1	26.9	18.1	5.7	70.8	28.6
5001300US3627	New York	27	NY	Rep. Chris Collins*	R+8	Safe Rep	Solid Rep	Rep	NY-27	5	58	42	1.7	14.4	22.8	6.3	93.6	6.4	2.6	2.5	92.2	30.8
5001300US3701	North Carolina	1	NC	Rep. G.K. Butterfield	D+19	Safe Dem	Solid Dem	Dem	NC-01	11	63.8	36.2	2.2	14.2	9.1	21.9	39.1	60.9	53.4	7.7	35.1	27
5001300US3702	North Carolina	2	NC	Rep. Renee Ellmers	R+10	Safe Rep	Solid Rep	Rep	NC-02	5	65.3	34.7	1.5	14.8	17.9	12.1	72.9	27.1	16.2	11.7	65.2	23.4
5001300US3703	North Carolina	3	NC	Rep. Walter Jones	R+11	Safe Rep	Solid Rep	Rep	NC-03	5	57.2	42.8	3.5	6.9	13.5	11.2	75	25	18.5	7.1	71.2	25.6
5001300US3704	North Carolina	4	NC	Rep. David Price	D+20	Safe Dem	Solid Dem	Dem	NC-04	11	90.3	9.7	0.2	8.4	19.4	13.3	54.9	45.1	32.8	10.6	48.3	19.5
5001300US3705	North Carolina	5	NC	Rep. Virginia Foxx	R+11	Safe Rep	Solid Rep	Rep	NC-05	5	60.4	39.6	1.3	14.8	14.5	13.3	82.4	17.6	12.3	8.7	76	28.5
5001300US3706	North Carolina	6	NC	OPEN (Coble)	R+10	Safe Rep	Solid Rep	Rep	NC-06	5	56.3	43.7	1.1	14.2	17.5	9.9	77.9	22.1	15.6	6.1	74.5	29.9
5001300US3707	North Carolina	7	NC	OPEN (McIntyre)	R+12	At-risk Dem	Tossup Dem	Dem	NC-07	8	48	52	3.5	12.6	15.1	14.1	74.1	25.9	17.4	9.3	69.1	29.6
5001300US3708	North Carolina	8	NC	Rep. Richard Hudson	R+11	Safe Rep	Solid Rep	Rep	NC-08	5	53.5	46.5	2.5	15.9	11.8	16.3	69.4	30.6	18.6	8.8	63.1	26.7
5001300US3709	North Carolina	9	NC	Rep. Robert Pittenger	R+8	Safe Rep	Solid Rep	Rep	NC-09	5	91	9	0.4	9.7	33.2	6.1	78.8	21.2	12.8	8	73.2	22.1
5001300US3710	North Carolina	10	NC	Rep. Patrick McHenry	R+11	Safe Rep	Solid Rep	Rep	NC-10	5	63.9	36.1	0.8	18.1	13.6	13.5	82.2	17.8	11.7	5.9	78.9	29.3
5001300US3711	North Carolina	11	NC	Rep. Mark Meadows	R+13	Safe Rep	Solid Rep	Rep	NC-11	5	44.5	55.5	1.9	13.1	9.4	13.1	90.6	9.4	3.5	5.4	87	35
5001300US3712	North Carolina	12	NC	VACANT (Watt)	D+26	Safe Dem	Solid Dem	Dem	NC-12	11	96	4	0.4	10.2	9.2	24	37.6	62.4	50.4	14.5	28.4	18
5001300US3713	North Carolina	13	NC	Rep. George Holding	R+8	Safe Rep	Solid Rep	Rep	NC-13	5	68.9	31.1	1.8	11	27.9	8.7	74.9	25.1	16.8	8.4	70.3	24.6
5001300US3800	North Dakota	0	ND	Rep. Kevin Cramer	R+10	Safe Rep	Solid Rep	Rep	ND-AL	5	59.9	40.1	9.3	6.9	21.1	7	89.5	10.5	1.5	2.4	88.1	27
5001300US3901	Ohio	1	OH	Rep. Steve Chabot	R+6	Safe Rep	Solid Rep	Rep	OH-01	5	92.5	7.5	0.4	13.7	22.2	13.8	72.4	27.6	21.6	3	70.3	24.4
5001300US3902	Ohio	2	OH	Rep. Brad Wenstrup	R+8	Safe Rep	Solid Rep	Rep	OH-02	5	73.4	26.6	0.7	13.4	19.1	11.8	87.7	12.3	8.7	1.5	86.5	28.6
5001300US3903	Ohio	3	OH	Rep. Joyce Beatty	D+17	Safe Dem	Solid Dem	Dem	OH-03	11	99.8	0.2	0.1	8.3	11.7	19	57.7	42.3	32.7	6.8	54	20
5001300US3904	Ohio	4	OH	Rep. Jim Jordan	R+9	Safe Rep	Solid Rep	Rep	OH-04	5	63	37	1.9	23.5	13.8	10.5	91.2	8.8	5.2	3.3	88.8	28.9
5001300US3905	Ohio	5	OH	Rep. Bob Latta	R+7	Safe Rep	Solid Rep	Rep	OH-05	5	62.3	37.7	1.8	21.3	17.4	9.6	92.4	7.6	3	4.3	90	29.2
5001300US3906	Ohio	6	OH	Rep. Bill Johnson	R+8	At-risk Rep	Lean Rep	Rep	OH-06	3	42.7	57.3	3.5	15.3	11.8	11.9	95.5	4.5	2.3	0.8	94.9	32.1
5001300US3907	Ohio	7	OH	Rep. Bob Gibbs	R+6	Safe Rep	Solid Rep	Rep	OH-07	5	59.5	40.5	2.3	20.3	14.3	10	93.2	6.8	3.9	1.8	91.7	29.8
5001300US3908	Ohio	8	OH	Rep. John Boehner	R+15	Safe Rep	Solid Rep	Rep	OH-08	5	75.7	24.3	1	20.3	17.7	10.9	89.1	10.9	5.9	3	87.3	27.4
5001300US3909	Ohio	9	OH	Rep. Marcy Kaptur	D+15	Safe Dem	Solid Dem	Dem	OH-09	11	96.4	3.6	0.4	15.5	11.4	18.6	75.4	24.6	16.6	10.3	69.4	26.8
5001300US3910	Ohio	10	OH	Rep. Mike Turner	R+3	Safe Rep	Solid Rep	Rep	OH-10	5	92.2	7.8	0.5	12.3	16.1	12.3	77.4	22.6	17.1	2.4	75.7	28.8
5001300US3911	Ohio	11	OH	Rep. Marcia Fudge	D+30	Safe Dem	Solid Dem	Dem	OH-11	11	99	1	0.1	11.8	12	22.1	40.5	59.5	54.1	3.8	38.4	28
5001300US3912	Ohio	12	OH	Rep. Pat Tiberi	R+8	Safe Rep	Solid Rep	Rep	OH-12	5	76.3	23.7	0.7	10.6	28.2	7.9	89	11	4.2	1.9	87.7	25.8
5001300US3913	Ohio	13	OH	Rep. Tim Ryan	D+11	Safe Dem	Solid Dem	Dem	OH-13	11	90.4	9.6	0.3	16.2	10.9	14.6	84.3	15.7	11.3	3	82.2	30.1
5001300US3914	Ohio	14	OH	Rep. David Joyce	R+4	Safe Rep	Likely Rep	Rep	OH-14	4	76.1	23.9	0.8	18.2	24.5	6.6	91.4	8.6	4.4	2.4	89.4	31.6
5001300US3915	Ohio	15	OH	Rep. Steve Stivers	R+6	Safe Rep	Solid Rep	Rep	OH-15	5	63.3	36.7	1.6	10.1	19.6	9.9	91.2	8.8	3.7	1.6	90.2	25.4
5001300US3916	Ohio	16	OH	Rep. Jim Renacci	R+6	Safe Rep	Solid Rep	Rep	OH-16	5	84.3	15.7	1.5	16.2	22.3	5.6	93.7	6.3	2.4	1.9	92.4	32.2
5001300US4001	Oklahoma	1	OK	Rep. Jim Bridenstine	R+18	Safe Rep	Solid Rep	Rep	OK-01	5	90.1	9.9	2.4	11.6	18	12.1	73.3	26.7	8.6	10.3	66.3	25.1
5001300US4002	Oklahoma	2	OK	Rep. Markwayne Mullin	R+20	Safe Rep	Solid Rep	Rep	OK-02	5	34.7	65.3	5.7	12.7	9.7	16.5	67.5	32.5	3.6	4.5	65.3	29.7
5001300US4003	Oklahoma	3	OK	Rep. Frank Lucas	R+26	Safe Rep	Solid Rep	Rep	OK-03	5	52.3	47.7	10	10.1	15.2	10.7	80	20	3.5	8.7	75.6	27.2
5001300US4004	Oklahoma	4	OK	Rep. Tom Cole	R+19	Safe Rep	Solid Rep	Rep	OK-04	5	66.5	33.5	5	7.6	16.8	10.7	77.7	22.3	6.8	8	72.4	24.5
5001300US4005	Oklahoma	5	OK	OPEN (Lankford)	R+12	Safe Rep	Solid Rep	Rep	OK-05	5	87.6	12.4	3.3	6.9	15.4	15.5	69.2	30.8	13.2	15.1	59.2	24.2
5001300US4101	Oregon	1	OR	Rep. Suzanne Bonamici	D+7	Safe Dem	Solid Dem	Dem	OR-01	11	87.9	12.1	1.9	16.8	26.4	10.2	80.3	19.7	1.5	14.1	72.7	24.4
5001300US4102	Oregon	2	OR	Rep. Greg Walden	R+10	Safe Rep	Solid Rep	Rep	OR-02	5	67.3	32.7	7	8.9	12.2	13.6	90.2	9.8	0.5	12.8	81.2	32.5
5001300US4103	Oregon	3	OR	Rep. Earl Blumenauer	D+22	Safe Dem	Solid Dem	Dem	OR-03	11	93.9	6.1	0.9	9.9	21.5	12.3	80.3	19.7	5.3	10.7	72.8	24
5001300US4104	Oregon	4	OR	Rep. Peter DeFazio	D+2	Safe Dem	Solid Dem	Dem	OR-04	11	71.8	28.2	3.2	11.1	12.6	13	89.9	10.1	0.7	7.2	85.1	32.8
5001300US4105	Oregon	5	OR	Rep. Kurt Schrader	EVEN	Safe Dem	Likely Dem	Dem	OR-05	10	84.3	15.7	3.8	10.3	19.9	11.5	85.6	14.4	0.7	15.9	76.5	29
5001300US4201	Pennsylvania	1	PA	Rep. Robert Brady	D+28	Safe Dem	Solid Dem	Dem	PA-01	11	100	0	0.1	7.3	14	20.9	48.3	51.7	35.3	15.7	41.4	21.9
5001300US4202	Pennsylvania	2	PA	Rep. Chaka Fattah	D+38	Safe Dem	Solid Dem	Dem	PA-02	11	100	0	0.1	4.3	16.5	21.2	30.6	69.4	58.9	5.9	28.6	24.5
5001300US4203	Pennsylvania	3	PA	Rep. Mike Kelly	R+8	Safe Rep	Solid Rep	Rep	PA-03	5	59.3	40.7	1.7	16.3	15.1	9.8	91.9	8.1	4.7	1.9	91	31.1
5001300US4204	Pennsylvania	4	PA	Rep. Scott Perry	R+9	Safe Rep	Solid Rep	Rep	PA-04	5	76.4	23.6	1.5	15.5	20.6	8.3	85.7	14.3	7.8	6.7	82.5	28.4
5001300US4205	Pennsylvania	5	PA	Rep. Glenn Thompson	R+8	Safe Rep	Solid Rep	Rep	PA-05	5	50.7	49.3	3.1	15.9	13.9	9.8	93.8	6.2	2.3	1.8	92.9	30.1
5001300US4206	Pennsylvania	6	PA	OPEN (Gerlach)	R+2	At-risk Rep	Lean Rep	Rep	PA-06	3	89.1	10.9	1.4	14.3	34.3	4.9	88.2	11.8	4.1	5.5	84.9	28
5001300US4207	Pennsylvania	7	PA	Rep. Pat Meehan	R+2	Safe Rep	Solid Rep	Rep	PA-07	5	87.6	12.4	1.4	10.6	37	4.4	88.2	11.8	5.7	2.8	86	29.5
5001300US4208	Pennsylvania	8	PA	Rep. Mike Fitzpatrick	R+1	At-risk Rep	Lean Rep	Rep	PA-08	3	90.5	9.5	0.4	13.5	36.2	3.6	89.1	10.9	3.9	4.3	85.9	29.7
5001300US4209	Pennsylvania	9	PA	Rep. Bill Shuster	R+14	Safe Rep	Solid Rep	Rep	PA-09	5	53.1	46.9	3.7	13.3	12.9	10.5	94.4	5.6	3.2	1.9	93.1	32
5001300US4210	Pennsylvania	10	PA	Rep. Tom Marino	R+12	Safe Rep	Solid Rep	Rep	PA-10	5	39.8	60.2	3.6	13.8	15.1	9.7	93.8	6.2	2.9	3.8	91.2	31.8
5001300US4211	Pennsylvania	11	PA	Rep. Lou Barletta	R+6	Safe Rep	Solid Rep	Rep	PA-11	5	65	35	1.3	12.1	16.5	8.6	89.6	10.4	5.2	4.7	87.1	31.4
5001300US4212	Pennsylvania	12	PA	Rep. Keith Rothfus	R+9	Safe Rep	Solid Rep	Rep	PA-12	5	74.7	25.3	1.1	11.5	21.9	6.5	93.3	6.7	3.2	1.4	92.5	33.9
5001300US4213	Pennsylvania	13	PA	OPEN (Schwartz)	D+13	Safe Dem	Solid Dem	Dem	PA-13	11	100	0	0.2	10.1	22.3	11	65.5	34.5	18.4	11.3	60.5	26.8
5001300US4214	Pennsylvania	14	PA	Rep. Mike Doyle	D+15	Safe Dem	Solid Dem	Dem	PA-14	11	99.8	0.2	0.4	6.8	13.7	14.1	72.5	27.5	21.3	1.9	71.3	29.7
5001300US4215	Pennsylvania	15	PA	Rep. Charlie Dent	R+2	Safe Rep	Solid Rep	Rep	PA-15	5	82.9	17.1	1	14.7	20.3	8	85.2	14.8	4.9	14	77.5	29
5001300US4216	Pennsylvania	16	PA	Rep. Joe Pitts	R+4	Safe Rep	Solid Rep	Rep	PA-16	5	85.5	14.5	2.9	16.1	18.8	11.2	83.2	16.8	6.5	17.3	73.4	26.5
5001300US4217	Pennsylvania	17	PA	Rep. Matt Cartwright	D+4	Safe Dem	Solid Dem	Dem	PA-17	11	80.2	19.8	0.8	13.6	15	9.8	88.3	11.7	6.2	7.7	83.4	31.3
5001300US4218	Pennsylvania	18	PA	Rep. Tim Murphy	R+10	Safe Rep	Solid Rep	Rep	PA-18	5	81.2	18.8	1.6	10.1	23.6	5.4	93.8	6.2	2.3	1.3	93	33.8
5001300US4401	Rhode Island	1	RI	Rep. David Cicilline	D+15	Safe Dem	Solid Dem	Dem	RI-01	11	97	3	0.3	11.5	21.4	11.5	78.8	21.2	8.7	15.3	71.1	27.4
5001300US4402	Rhode Island	2	RI	Rep. Jim Langevin	D+8	Safe Dem	Solid Dem	Dem	RI-02	11	84.5	15.5	0.5	11.3	26.4	7	84.6	15.4	4.2	11	79.8	28.9
5001300US4501	South Carolina	1	SC	Rep. Mark Sanford	R+11	Safe Rep	Solid Rep	Rep	SC-01	5	87.5	12.5	0.5	9	21.9	8.8	73.3	26.7	19.9	6.7	69.2	27.7
5001300US4502	South Carolina	2	SC	Rep. Joe Wilson	R+16	Safe Rep	Solid Rep	Rep	SC-02	5	73.4	26.6	1.1	9.9	20.2	10.5	70.7	29.3	22.9	5.2	68	26.5
5001300US4503	South Carolina	3	SC	Rep. Jeff Duncan	R+18	Safe Rep	Solid Rep	Rep	SC-03	5	50.4	49.6	1.3	19.9	12.3	14.5	77.4	22.6	18.7	4.6	74.5	29.4
5001300US4504	South Carolina	4	SC	Rep. Trey Gowdy	R+15	Safe Rep	Solid Rep	Rep	SC-04	5	84.9	15.1	0.4	18.8	17.1	13.9	74.4	25.6	19.3	7.6	69.2	26.2
5001300US4505	South Carolina	5	SC	Rep. Mick Mulvaney	R+9	Safe Rep	Solid Rep	Rep	SC-05	5	55.5	44.5	1.1	17.4	14.5	15	68.5	31.5	26.6	3.9	66.1	27
5001300US4506	South Carolina	6	SC	Rep. Jim Clyburn	D+21	Safe Dem	Solid Dem	Dem	SC-06	11	55.7	44.3	1.6	11.7	8.7	20.6	38.6	61.4	56.8	4.7	36.3	25.2
5001300US4507	South Carolina	7	SC	Rep. Tom Rice	R+7	Safe Rep	Solid Rep	Rep	SC-07	5	57	43	1.4	10.8	11.5	16.3	65.9	34.1	30	4.1	63.5	31.4
5001300US4600	South Dakota	0	SD	Rep. Kristi Noem	R+10	Safe Rep	Solid Rep	Rep	SD-AL	5	56.7	43.3	7.3	9.4	15.6	8.6	85.4	14.6	1.6	3	83.8	27.4
5001300US4701	Tennessee	1	TN	Rep. Phil Roe	R+25	Safe Rep	Solid Rep	Rep	TN-01	5	57.5	42.5	1	15.1	10.4	15.3	94.6	5.4	2.2	3.4	92	31.8
5001300US4702	Tennessee	2	TN	Rep. Jimmy Duncan	R+20	Safe Rep	Solid Rep	Rep	TN-02	5	74.1	25.9	0.7	9.8	15.2	12.4	89.3	10.7	6.6	3.6	86.6	28.7
5001300US4703	Tennessee	3	TN	Rep. Chuck Fleischmann	R+16	Safe Rep	Solid Rep	Rep	TN-03	5	62.8	37.2	1.2	14.8	14.1	12.6	85.2	14.8	11.1	3.4	82.6	30.5
5001300US4704	Tennessee	4	TN	Rep. Scott DesJarlais*	R+18	Safe Rep	Solid Rep	Rep	TN-04	5	56.2	43.8	1.7	18	13.3	13	86.8	13.2	8.1	5.5	82.4	25.3
5001300US4705	Tennessee	5	TN	Rep. Jim Cooper	D+5	Safe Dem	Solid Dem	Dem	TN-05	11	88.7	11.3	0.3	8.3	16	14.2	64.9	35.1	25.4	9.1	60.6	22.3
5001300US4706	Tennessee	6	TN	Rep. Diane Black	R+21	Safe Rep	Solid Rep	Rep	TN-06	5	48.2	51.8	1.8	14.9	14.6	11.5	91.9	8.1	4.6	3.7	89.6	29.3
5001300US4707	Tennessee	7	TN	Rep. Marsha Blackburn	R+18	Safe Rep	Solid Rep	Rep	TN-07	5	50.7	49.3	1.4	13.1	18.9	12.5	84.4	15.6	10	4.5	81.6	25.5
5001300US4708	Tennessee	8	TN	Rep. Stephen Fincher	R+19	Safe Rep	Solid Rep	Rep	TN-08	5	60.8	39.2	1.7	14.7	21.3	10.4	76.9	23.1	18.8	2.9	74.9	28.3
5001300US4709	Tennessee	9	TN	Rep. Steve Cohen	D+25	Safe Dem	Solid Dem	Dem	TN-09	11	98.5	1.5	0.2	7.6	10.5	22.7	28.3	71.7	65.3	6.8	24.7	21.2
5001300US4801	Texas	1	TX	Rep. Louie Gohmert	R+24	Safe Rep	Solid Rep	Rep	TX-01	5	56.8	43.2	6.7	11.3	14.8	14.9	76.8	23.2	18.1	16.2	63.7	27
5001300US4802	Texas	2	TX	Rep. Ted Poe	R+16	Safe Rep	Solid Rep	Rep	TX-02	5	98.1	1.9	3.9	11.1	34.9	8.2	72.8	27.2	10.7	31.7	48.8	20.5
5001300US4803	Texas	3	TX	Rep. Sam Johnson	R+17	Safe Rep	Solid Rep	Rep	TX-03	5	96.9	3.1	0.8	9.9	41.5	5.6	72.5	27.5	9.2	14.9	60.7	19
5001300US4804	Texas	4	TX	Rep. Ralph Hall	R+25	Safe Rep	Solid Rep	Rep	TX-04	5	48.8	51.2	3.4	13.5	16.8	14.6	82.3	17.7	10.5	12.5	73.3	28.2
5001300US4805	Texas	5	TX	Rep. Jeb Hensarling	R+17	Safe Rep	Solid Rep	Rep	TX-05	5	67.2	32.8	2.7	8.2	15.5	17.6	75.5	24.5	14.7	27.1	54.7	23.2
5001300US4806	Texas	6	TX	Rep. Joe Barton	R+11	Safe Rep	Solid Rep	Rep	TX-06	5	88.7	11.3	1.1	11.8	23.4	9.5	70.5	29.5	19.1	20.3	54	20.7
5001300US4807	Texas	7	TX	Rep. John Culberson	R+13	Safe Rep	Solid Rep	Rep	TX-07	5	100	0	4.8	9	34.4	8.5	69.3	30.7	11.9	30.9	45.5	20.4
5001300US4808	Texas	8	TX	Rep. Kevin Brady	R+29	Safe Rep	Solid Rep	Rep	TX-08	5	67.5	32.5	5.3	9.4	27.4	10.6	83.5	16.5	8.7	21	66.6	24
5001300US4809	Texas	9	TX	Rep. Al Green	D+25	Safe Dem	Solid Dem	Dem	TX-09	11	100	0	1.7	7.2	12.6	20.2	38.8	61.2	37	40.2	10.8	18.6
5001300US4810	Texas	10	TX	Rep. Michael McCaul	R+11	Safe Rep	Solid Rep	Rep	TX-10	5	77.5	22.5	4.1	10.3	29.1	9.5	78.8	21.2	9.9	26.1	58.3	22.7
5001300US4811	Texas	11	TX	Rep. Mike Conaway	R+31	Safe Rep	Solid Rep	Rep	TX-11	5	71.7	28.3	13.5	7.9	18.5	10.4	88.7	11.3	3.9	35.1	59.2	27.3
5001300US4812	Texas	12	TX	Rep. Kay Granger	R+19	Safe Rep	Solid Rep	Rep	TX-12	5	86.5	13.5	2.4	11	23	9.9	80.9	19.1	9.1	22.2	63.4	22.7
5001300US4813	Texas	13	TX	Rep. Mac Thornberry	R+32	Safe Rep	Solid Rep	Rep	TX-13	5	68.9	31.1	8.7	10.4	16.1	11.9	86.6	13.4	5	25.4	65.5	25.4
5001300US4814	Texas	14	TX	Rep. Randy Weber	R+12	Safe Rep	Solid Rep	Rep	TX-14	5	86.6	13.4	1.4	13.1	22.5	11.5	71.6	28.4	20.4	22.1	52.9	25.1
5001300US4815	Texas	15	TX	Rep. RubÂn Hinojosa	D+5	Safe Dem	Solid Dem	Dem	TX-15	11	86.7	13.3	4.2	6.2	14	25.1	90	10	1.9	80.6	15.9	18.4
5001300US4816	Texas	16	TX	"Rep. Robert ""Beto"" Oï¿½Rourke"	D+12	Safe Dem	Solid Dem	Dem	TX-16	11	98.4	1.6	0.9	7.6	14.1	18.8	82.9	17.1	3.9	79	15	20.5
5001300US4817	Texas	17	TX	Rep. Bill Flores	R+13	Safe Rep	Solid Rep	Rep	TX-17	5	75.3	24.7	3.1	9.7	17.2	12.4	75.6	24.4	12.9	24.9	56.7	21.4
5001300US4818	Texas	18	TX	Rep. Sheila Jackson Lee	D+24	Safe Dem	Solid Dem	Dem	TX-18	11	99.9	0.1	2.5	9.5	13.6	23.3	45.4	54.6	39.9	39.1	17.1	18.4
5001300US4819	Texas	19	TX	Rep. Randy Neugebauer	R+26	Safe Rep	Solid Rep	Rep	TX-19	5	74.2	25.8	8.4	6	14.7	13.9	82	18	6.2	34.8	56.2	23.8
5001300US4820	Texas	20	TX	Rep. Joaquin Castro	D+7	Safe Dem	Solid Dem	Dem	TX-20	11	99.6	0.4	1	5.7	15.2	17.7	76.1	23.9	4.7	69.9	22.2	19.8
5001300US4821	Texas	21	TX	Rep. Lamar Smith	R+12	Safe Rep	Solid Rep	Rep	TX-21	5	78.2	21.8	1.9	6.2	26.6	8.2	87	13	2.9	27.2	64.3	26.7
5001300US4822	Texas	22	TX	Rep. Pete Olson	R+15	Safe Rep	Solid Rep	Rep	TX-22	5	93.1	6.9	5.3	9.7	40.9	6.4	63.1	36.9	12.4	25.3	43.2	19.3
5001300US4823	Texas	23	TX	Rep. Pete Gallego	R+3	At-risk Dem	Lean Dem	Dem	TX-23	9	78.1	21.9	6.6	6.3	18.5	17.4	84.1	15.9	3.2	68.9	25.7	22.5
5001300US4824	Texas	24	TX	Rep. Kenny Marchant	R+13	Safe Rep	Solid Rep	Rep	TX-24	5	99.9	0.1	0.5	8.5	28.9	9	68.2	31.8	11.2	22.9	52	19.7
5001300US4825	Texas	25	TX	Rep. Roger Williams	R+12	Safe Rep	Solid Rep	Rep	TX-25	5	67.5	32.5	2.8	10	25.9	10.5	83.6	16.4	8	19.3	67.9	23.1
5001300US4826	Texas	26	TX	Rep. Michael Burgess	R+20	Safe Rep	Solid Rep	Rep	TX-26	5	93.4	6.6	1.3	9.8	35.3	5.2	81.2	18.8	6.9	17.3	67.4	17.2
5001300US4827	Texas	27	TX	Rep. Blake Farenthold	R+13	Safe Rep	Solid Rep	Rep	TX-27	5	75	25	6.1	8.9	18.4	12.3	83.9	16.1	5.8	50.5	41.6	27
5001300US4828	Texas	28	TX	Rep. Henry Cuellar	D+7	Safe Dem	Solid Dem	Dem	TX-28	11	82.7	17.3	4.1	4.4	13.8	23.1	86.2	13.8	4.6	76	17.6	18.7
5001300US4829	Texas	29	TX	Rep. Gene Green	D+12	Safe Dem	Solid Dem	Dem	TX-29	11	99.9	0.1	2	13	9.6	26.3	70.3	29.7	10.4	76.2	11.2	15.3
5001300US4830	Texas	30	TX	Rep. Eddie Bernice Johnson	D+27	Safe Dem	Solid Dem	Dem	TX-30	11	98.6	1.4	0.7	8.8	12.5	19.7	42.6	57.4	45.1	36.1	16.1	19.4
5001300US4831	Texas	31	TX	Rep. John Carter	R+12	Safe Rep	Solid Rep	Rep	TX-31	5	86.1	13.9	1	9.4	25	7.5	78	22	11.2	23.3	58.9	19.9
5001300US4832	Texas	32	TX	Rep. Pete Sessions	R+10	Safe Rep	Solid Rep	Rep	TX-32	5	99.8	0.2	0.9	9.4	28.7	10.2	64.7	35.3	12.1	28.6	49.7	21.6
5001300US4833	Texas	33	TX	Rep. Marc Veasey	D+18	Safe Dem	Solid Dem	Dem	TX-33	11	100	0	0.8	12.8	6.3	26.4	68	32	15	65.7	16.8	16.8
5001300US4834	Texas	34	TX	Rep. Filemon Vela	D+8	Safe Dem	Solid Dem	Dem	TX-34	11	84	16	5.5	5.8	11.1	28.3	89	11	1.6	83.5	14.3	22.6
5001300US4835	Texas	35	TX	Rep. Lloyd Doggett	D+11	Safe Dem	Solid Dem	Dem	TX-35	11	96	4	0.5	7	11.3	21.7	71.7	28.3	9.7	62.3	24.9	17.3
5001300US4836	Texas	36	TX	OPEN (Stockman)	R+25	Safe Rep	Solid Rep	Rep	TX-36	5	67.7	32.3	3.5	13.3	21.6	10.1	80.2	19.8	9.9	22	63.5	25.3
5001300US4901	Utah	1	UT	Rep. Rob Bishop	R+27	Safe Rep	Solid Rep	Rep	UT-01	5	85.5	14.5	3.2	13.9	21	8.8	89.2	10.8	0.9	12.1	82.3	18.3
5001300US4902	Utah	2	UT	Rep. Chris Stewart	R+18	Safe Rep	Solid Rep	Rep	UT-02	5	87	13	2.6	9.6	18.2	10.2	86.2	13.8	1.6	14.1	78.2	21.7
5001300US4903	Utah	3	UT	Rep. Jason Chaffetz	R+28	Safe Rep	Solid Rep	Rep	UT-03	5	93.7	6.3	1.5	8.5	25.1	9.4	91.2	8.8	0.5	10.2	83.5	18.1
5001300US4904	Utah	4	UT	OPEN (Matheson)	R+16	At-risk Dem	Tossup Dem	Dem	UT-04	8	96.1	3.9	1.3	10.7	20.4	10.1	85.7	14.3	1.5	16.7	75.2	16.4
5001300US5000	Vermont	0	VT	Rep. Peter Welch	D+16	Safe Dem	Solid Dem	Dem	VT-AL	11	38.9	61.1	2.6	10.9	19.4	7.4	95.1	4.9	1	1.6	94	30.9
5001300US5101	Virginia	1	VA	Rep. Rob Wittman	R+6	Safe Rep	Solid Rep	Rep	VA-01	5	69.5	30.5	0.8	5.7	36.1	6	73.8	26.2	17.3	9	67.6	24.7
5001300US5102	Virginia	2	VA	Rep. E. Scott Rigell	R+2	Safe Rep	Likely Rep	Rep	VA-02	4	92.6	7.4	0.7	8.1	23.4	9.2	66.7	33.3	21.6	7.2	62.2	23.7
5001300US5103	Virginia	3	VA	"Rep. Robert ""Bobby"" Scott"	D+27	Safe Dem	Solid Dem	Dem	VA-03	11	95	5	0.2	9.9	12.1	18.1	35.8	64.2	57.4	5.7	33.1	22.6
5001300US5104	Virginia	4	VA	Rep. J. Randy Forbes	R+4	Safe Rep	Solid Rep	Rep	VA-04	5	73.8	26.2	0.7	10	24.3	8.3	61.5	38.5	32.2	5.1	58.1	24.8
5001300US5105	Virginia	5	VA	Rep. Robert Hurt	R+5	Safe Rep	Solid Rep	Rep	VA-05	5	35.3	64.7	1.9	10.6	17.7	11.4	74.7	25.3	20.3	3.4	72.3	31.6
5001300US5106	Virginia	6	VA	Rep. Bob Goodlatte	R+12	Safe Rep	Solid Rep	Rep	VA-06	5	64.3	35.7	2.2	11.1	15.7	10.5	84.3	15.7	10.4	4.5	81.4	29.3
5001300US5107	Virginia	7	VA	Rep. Eric Cantor	R+10	Safe Rep	Solid Rep	Rep	VA-07	5	72.4	27.6	0.8	5.6	31.8	4.8	77.3	22.7	13.8	5.2	74.5	26.9
5001300US5108	Virginia	8	VA	OPEN (Moran)	D+16	Safe Dem	Solid Dem	Dem	VA-08	11	99.7	0.3	0.2	2.2	46.9	5.4	63.9	36.1	13	19	53.3	20.9
5001300US5109	Virginia	9	VA	Rep. Morgan Griffith	R+15	Safe Rep	Solid Rep	Rep	VA-09	5	41.7	58.3	4	14.2	10.2	14.1	91.3	8.7	5.4	2	90.1	31.3
5001300US5110	Virginia	10	VA	OPEN (Wolf)	R+2	At-risk Rep	Lean Rep	Rep	VA-10	3	85.5	14.5	0.6	5.2	54	3.9	73.2	26.8	7	12.2	65.3	21.3
5001300US5111	Virginia	11	VA	Rep. Gerry Connolly	D+10	Safe Dem	Solid Dem	Dem	VA-11	11	100	0	0.2	2.9	49.2	3.6	59.8	40.2	13.3	17.9	47.6	21.2
5001300US5301	Washington	1	WA	Rep. Suzan DelBene	D+4	Safe Dem	Likely Dem	Dem	WA-01	10	80.6	19.4	2.2	14.4	36.7	6.7	81.5	18.5	1.3	8	76.6	23.9
5001300US5302	Washington	2	WA	Rep. Rick Larsen	D+8	Safe Dem	Solid Dem	Dem	WA-02	11	85.3	14.7	1.1	15.6	22.2	8	80.8	19.2	2.5	10.4	73.4	27.3
5001300US5303	Washington	3	WA	Rep. Jaime Herrera Beutler	R+2	Safe Rep	Solid Rep	Rep	WA-03	5	72.9	27.1	2	12.6	18.8	9.5	87.1	12.9	1.6	8.4	82.3	28.1
5001300US5304	Washington	4	WA	OPEN (Hastings)	R+13	Safe Rep	Solid Rep	Rep	WA-04	5	74.1	25.9	14.6	8.6	17.4	14.4	76.2	23.8	1	37	56.1	23.3
5001300US5305	Washington	5	WA	Rep. Cathy McMorris Rodgers	R+7	Safe Rep	Solid Rep	Rep	WA-05	5	77.4	22.6	2.4	8.5	15.1	12	88.7	11.3	1.6	5.9	85	27.9
5001300US5306	Washington	6	WA	Rep. Derek Kilmer	D+5	Safe Dem	Solid Dem	Dem	WA-06	11	76.5	23.5	1.4	8.6	20.1	9.1	81.6	18.4	3.5	7	77.5	31.4
5001300US5307	Washington	7	WA	Rep. Jim McDermott	D+29	Safe Dem	Solid Dem	Dem	WA-07	11	98.4	1.6	0.6	7.5	32.1	5.7	76.5	23.5	4.5	7.6	72	26.3
5001300US5308	Washington	8	WA	Rep. Dave Reichert	R+1	Safe Rep	Solid Rep	Rep	WA-08	5	83.4	16.6	2.8	12	33	7.2	80.7	19.3	2.2	10.8	74.5	23.1
5001300US5309	Washington	9	WA	Rep. Adam Smith	D+17	Safe Dem	Solid Dem	Dem	WA-09	11	100	0	0.5	11.3	28.4	11.2	54.7	45.3	11.5	11.1	48.1	23.6
5001300US5310	Washington	10	WA	Rep. Denny Heck	D+5	Safe Dem	Solid Dem	Dem	WA-10	11	92	8	1.1	8.2	20.1	8.9	75.9	24.1	6.3	10.5	69.3	25.2
5001300US5401	West Virginia	1	WV	Rep. David McKinley	R+14	Safe Rep	Solid Rep	Rep	WV-01	5	54.8	45.2	5	8.8	11	13.2	94.9	5.1	2.4	1	94.2	31.1
5001300US5402	West Virginia	2	WV	OPEN (Capito)	R+11	At-risk Rep	Lean Rep	Rep	WV-02	3	51.2	48.8	3.4	8.6	15.6	9.6	92.4	7.6	3.6	2	91	31.1
5001300US5403	West Virginia	3	WV	Rep. Nick Rahall	R+14	At-risk Dem	Tossup Dem	Dem	WV-03	8	40.2	59.8	8.2	7	9.7	16	93.8	6.2	3.9	0.8	93.3	32.2
5001300US5501	Wisconsin	1	WI	Rep. Paul Ryan	R+3	Safe Rep	Solid Rep	Rep	WI-01	5	84.5	15.5	0.9	20.1	21.2	8.7	88.7	11.3	5.1	9.3	81.9	27.1
5001300US5502	Wisconsin	2	WI	Rep. Mark Pocan	D+17	Safe Dem	Solid Dem	Dem	WI-02	11	75.8	24.2	2.3	12	22.3	7.4	87.3	12.7	4.4	6	83.6	24.9
5001300US5503	Wisconsin	3	WI	Rep. Ron Kind	D+5	Safe Dem	Solid Dem	Dem	WI-03	11	52.4	47.6	4.2	16.1	14.7	8	94.3	5.7	1.2	2.1	93	28.5
5001300US5504	Wisconsin	4	WI	Rep. Gwen Moore	D+23	Safe Dem	Solid Dem	Dem	WI-04	11	100	0	0.5	14.7	11.8	21.6	52.5	47.5	34.4	16	43.3	20.4
5001300US5505	Wisconsin	5	WI	Rep. Jim Sensenbrenner	R+13	Safe Rep	Solid Rep	Rep	WI-05	5	84.2	15.8	1.4	19.8	25.8	5.2	92.6	7.4	1.7	5.5	88.9	29.1
5001300US5506	Wisconsin	6	WI	Rep. Tom Petri	R+5	Safe Rep	Solid Rep	Rep	WI-06	5	66.1	33.9	2.7	24.4	17.7	6.4	93.3	6.7	1.5	4.1	90.6	29.8
5001300US5507	Wisconsin	7	WI	Rep. Sean Duffy	R+2	Safe Rep	Likely Rep	Rep	WI-07	4	34.8	65.2	4.5	18	14.2	8.6	94	6	0.7	1.9	92.6	32.1
5001300US5508	Wisconsin	8	WI	Rep. Reid Ribble	R+2	Safe Rep	Solid Rep	Rep	WI-08	5	63.4	36.6	2.7	22.5	18.1	7.2	91.3	8.7	1.2	4.6	88.3	27.7
5001300US5600	Wyoming	0	WY	Rep. Cynthia Lummis	R+22	Safe Rep	Solid Rep	Rep	WY-AL	5	64.8	35.2	12.7	3.4	20.7	8.5	90.9	9.1	1	9.4	84.6	26.8
